fraud_id,detection_date,amount_involved,resolution_status,resolution_date,card_id,id
1,2027-07-01,4290.5,Dismissed,2029-08-12,306,2
2,2024-09-13,3845.41,Investigating,2025-09-25,591,7
3,2025-09-25,2499.98,Dismissed,2029-03-25,807,1
4,2029-03-25,1802.63,Dismissed,2030-05-10,146,7
5,2025-06-25,3371.5,Pending,2026-02-08,793,7
6,2024-12-21,1540.96,Dismissed,2027-04-16,944,4
7,2027-04-16,3289.67,Pending,2030-05-03,752,6
8,2027-07-09,1652.35,Investigating,2030-04-15,138,4
9,2030-04-15,3717.58,Pending,2027-09-21,38,4
10,2025-11-20,2341.08,Resolved,2028-03-11,668,6
11,2028-03-11,4945.83,Investigating,2029-10-18,253,4
12,2024-12-25,4615.81,Resolved,2029-12-01,696,7
13,2028-09-22,62.98,Investigating,2027-07-10,358,1
14,2027-07-10,4689.67,Dismissed,2030-04-29,436,1
15,2030-04-29,3700.67,Investigating,2030-02-17,973,2
16,2030-02-17,3056.59,Dismissed,2029-10-25,427,2
17,2027-06-18,1862.1,Resolved,2026-09-15,128,6
18,2026-09-15,3279.51,Pending,2027-07-01,795,7
19,2027-07-01,4973.82,Pending,2027-11-12,781,7
20,2027-11-12,1397.84,Dismissed,2028-04-12,346,3
21,2028-04-12,2567.19,Dismissed,2026-11-15,250,7
22,2026-05-04,4843.99,Resolved,2027-10-07,47,5
23,2025-07-17,3061.07,Pending,2027-07-22,451,4
24,2027-07-22,2714.63,Pending,2030-01-10,632,2
25,2025-10-03,629.75,Investigating,2030-04-11,409,6
26,2024-08-07,2088.66,Investigating,2029-04-28,46,5
27,2029-04-28,3202.96,Investigating,2030-05-18,820,7
28,2030-05-18,4630.97,Dismissed,2028-01-20,125,5
29,2026-01-06,1905.6,Resolved,2029-08-03,880,1
30,2029-08-03,719.55,Pending,2029-12-30,494,3
31,2025-09-10,10.94,Dismissed,2030-03-30,534,7
32,2030-03-30,1326.43,Investigating,2026-07-16,113,1
33,2026-07-16,2111.53,Pending,2027-05-17,245,7
34,2027-05-17,4073.24,Investigating,2027-03-28,533,3
35,2025-05-15,4927.16,Investigating,2028-09-19,335,5
36,2024-07-05,4178.54,Pending,2029-03-17,913,1
37,2029-01-03,4728.14,Investigating,2029-01-06,466,4
38,2029-01-06,3056.92,Resolved,2028-11-23,854,6
39,2028-11-23,1783.11,Pending,2026-10-03,157,2
40,2024-09-12,1840.55,Pending,2028-02-14,594,7
41,2028-02-14,2556.61,Investigating,2030-02-20,124,3
42,2028-09-28,1721.39,Dismissed,2028-09-18,185,4
43,2026-02-04,379.28,Investigating,2028-07-02,554,2
44,2028-07-02,63.76,Dismissed,2029-09-01,884,5
45,2029-09-01,1952.9,Resolved,2028-08-29,600,6
46,2024-09-07,152.47,Pending,2028-08-26,300,2
47,2028-08-26,1306.52,Pending,2026-02-18,465,2
48,2026-02-18,2004.59,Pending,2029-12-17,524,1
49,2028-11-22,1960.8,Dismissed,2030-02-22,135,2
50,2030-02-22,3707.97,Resolved,2029-03-07,788,4
51,2029-03-07,4754.05,Pending,2027-06-01,635,5
52,2025-08-01,1787.31,Pending,2027-04-13,443,1
53,2024-07-07,831,Investigating,2026-04-24,348,6
54,2026-04-24,3172.24,Resolved,2030-02-06,342,4
55,2030-02-06,2194.18,Resolved,2028-04-16,79,1
56,2028-04-16,1052.51,Investigating,2029-01-07,625,5
57,2029-01-07,3823.27,Pending,2029-04-10,147,6
58,2028-07-24,3357.11,Pending,2029-10-17,372,6
59,2025-05-04,694.33,Pending,2030-04-20,874,7
60,2026-02-09,688.65,Dismissed,2029-06-15,706,5
61,2029-06-15,2671,Dismissed,2029-04-24,812,1
62,2029-04-24,4505.01,Investigating,2027-01-16,455,1
63,2025-10-11,3473.76,Resolved,2028-02-06,7,3
64,2028-02-06,4553.39,Pending,2030-04-23,150,7
65,2030-04-23,4538.23,Pending,2029-05-27,108,5
66,2029-05-27,1399.94,Resolved,2029-06-18,751,1
67,2025-10-31,1122.49,Investigating,2029-12-14,223,3
68,2029-12-14,2790.88,Pending,2028-11-23,513,1
69,2026-10-08,790,Investigating,2029-06-04,653,4
70,2029-06-04,12.35,Resolved,2027-05-04,637,2
71,2026-09-05,1972.61,Resolved,2030-04-12,567,2
72,2030-04-12,1595.09,Investigating,2025-11-15,501,5
73,2024-09-22,1133.25,Dismissed,2027-10-16,412,7
74,2027-10-16,4061.93,Investigating,2029-09-20,299,3
75,2029-09-20,592.72,Dismissed,2026-10-02,877,2
76,2025-07-01,4382.69,Investigating,2025-07-13,816,7
77,2025-03-08,3819.68,Dismissed,2028-12-27,162,6
78,2028-12-27,4321.43,Dismissed,2028-08-11,258,7
79,2028-06-07,3046.87,Investigating,2028-11-08,712,2
80,2028-11-08,3732.62,Resolved,2029-10-24,292,5
81,2026-08-15,3124.54,Dismissed,2026-10-12,923,1
82,2024-10-30,3144.98,Dismissed,2029-03-06,869,3
83,2029-03-06,3297.76,Pending,2026-02-13,846,7
84,2024-10-25,445.79,Dismissed,2029-05-06,167,7
85,2029-05-06,1756.28,Pending,2029-12-26,99,2
86,2027-03-30,3980.93,Investigating,2028-04-07,573,2
87,2024-06-30,2698.8,Pending,2028-10-05,328,5
88,2028-10-05,3314.59,Investigating,2026-07-05,754,2
89,2025-11-27,723.26,Dismissed,2030-01-24,995,3
90,2024-11-12,1328.35,Pending,2029-01-10,645,3
91,2029-01-10,1429.08,Resolved,2026-05-30,438,4
92,2024-10-16,2196.72,Pending,2026-02-12,117,4
93,2025-05-27,1643.37,Investigating,2029-08-08,601,7
94,2029-08-08,4509.64,Investigating,2030-02-13,519,3
95,2026-05-15,3431.04,Resolved,2027-12-19,464,7
96,2027-12-19,1648.78,Resolved,2030-01-12,755,4
97,2028-10-22,3433.71,Pending,2025-07-26,205,6
98,2024-11-26,1015.5,Resolved,2028-02-20,242,3
99,2027-11-20,1039.28,Dismissed,2029-05-15,230,5
100,2027-10-14,4986.37,Dismissed,2026-09-25,702,2
101,2026-09-25,1376.07,Resolved,2030-04-13,979,7
102,2027-01-17,4004.44,Dismissed,2025-03-23,708,3
103,2025-03-23,3061.11,Pending,2030-04-11,420,2
104,2030-04-11,3526.33,Dismissed,2027-10-07,449,3
105,2027-10-07,1339.09,Dismissed,2028-01-17,149,2
106,2027-08-09,2363.63,Investigating,2026-08-29,796,7
107,2025-08-22,2277.87,Resolved,2030-03-17,253,5
108,2029-10-09,2963,Pending,2029-01-12,786,1
109,2026-05-28,801.94,Pending,2029-08-12,239,7
110,2029-08-12,70.11,Investigating,2027-10-18,917,1
111,2026-11-25,2365,Pending,2029-06-30,811,4
112,2025-12-16,4101.87,Resolved,2027-08-01,726,4
113,2024-07-19,4699.91,Pending,2028-07-30,755,4
114,2028-07-30,2296.31,Dismissed,2029-05-19,448,2
115,2024-10-21,2866.48,Investigating,2029-05-19,961,7
116,2029-05-19,2888.09,Pending,2026-06-16,496,5
117,2026-06-16,681.83,Dismissed,2028-09-23,138,7
118,2025-11-26,4833.45,Resolved,2030-02-20,571,4
119,2030-02-20,4509.48,Dismissed,2028-03-20,315,1
120,2028-03-20,2157.87,Resolved,2028-03-19,304,3
121,2028-03-19,2505.63,Pending,2026-02-26,613,2
122,2025-07-15,4792.82,Pending,2028-02-08,460,4
123,2028-02-08,2912.84,Investigating,2029-02-26,812,3
124,2027-11-27,868.04,Resolved,2030-04-17,827,4
125,2030-04-17,3549.46,Dismissed,2025-08-10,563,3
126,2024-11-26,4942.6,Dismissed,2029-12-29,170,5
127,2027-10-03,1445.57,Pending,2028-02-08,111,2
128,2028-02-08,3100.37,Resolved,2026-01-01,19,3
129,2026-01-01,128.68,Pending,2029-01-21,752,7
130,2024-07-22,4020.66,Resolved,2029-09-22,71,6
131,2029-02-12,101.35,Pending,2029-08-25,917,3
132,2027-12-22,518.64,Dismissed,2027-04-20,527,6
133,2026-10-19,2633.87,Resolved,2028-03-25,622,4
134,2028-03-25,2870.23,Investigating,2029-09-01,155,7
135,2029-03-12,4938.26,Pending,2029-05-05,279,2
136,2029-05-05,1378.84,Pending,2029-08-12,779,7
137,2025-06-24,616.51,Investigating,2027-08-10,61,7
138,2027-08-10,3748.35,Investigating,2028-10-02,396,1
139,2028-10-02,3436.21,Pending,2029-11-04,721,2
140,2027-04-24,4559.17,Pending,2028-05-12,62,2
141,2028-05-12,3976.82,Dismissed,2028-05-30,490,2
142,2024-11-20,2855.27,Resolved,2027-02-28,885,7
143,2025-06-22,4228.25,Pending,2026-09-30,669,1
144,2026-09-30,1990.81,Dismissed,2028-11-10,6,6
145,2028-05-29,3676.22,Investigating,2030-02-27,394,7
146,2027-02-09,4121.52,Dismissed,2029-04-04,853,7
147,2029-04-04,1184.07,Investigating,2025-11-04,203,3
148,2025-10-21,2551.37,Resolved,2028-11-08,489,5
149,2024-05-22,702.63,Investigating,2025-09-01,808,2
150,2024-08-25,1349.51,Investigating,2029-03-28,444,7
151,2028-10-09,1896.29,Investigating,2028-07-08,874,2
152,2028-07-08,4573.8,Investigating,2026-12-17,247,5
153,2026-12-17,2789.26,Dismissed,2026-01-05,684,5
154,2026-01-05,782.49,Pending,2027-10-09,64,4
155,2025-08-15,432.41,Dismissed,2029-08-06,767,5
156,2025-04-06,1502.86,Dismissed,2027-03-16,547,1
157,2025-02-18,1843.97,Resolved,2030-01-10,595,1
158,2027-11-28,597.5,Resolved,2026-11-25,794,3
159,2026-11-25,2722.35,Investigating,2028-04-28,173,2
160,2024-07-28,1053.14,Dismissed,2028-09-01,359,5
161,2027-06-15,2865.75,Resolved,2028-11-12,587,4
162,2028-11-12,1348.97,Investigating,2027-12-08,435,3
163,2024-12-10,1846.17,Dismissed,2030-04-12,235,3
164,2030-04-12,534.95,Investigating,2028-04-17,927,6
165,2026-08-25,3005.09,Resolved,2028-04-05,174,7
166,2027-04-07,1560.45,Resolved,2027-10-17,655,4
167,2027-10-17,1483.57,Resolved,2028-02-27,849,5
168,2026-12-04,3358.55,Pending,2027-05-21,69,2
169,2027-05-21,2266.21,Resolved,2027-08-19,229,6
170,2027-08-10,1442.14,Pending,2025-02-01,873,6
171,2025-02-01,2242.56,Resolved,2027-01-12,179,2
172,2027-01-12,1194.02,Dismissed,2029-08-20,78,7
173,2029-08-20,3576.02,Pending,2027-02-12,99,6
174,2027-02-12,537.31,Resolved,2029-11-21,938,7
175,2024-07-09,3341.91,Investigating,2024-12-04,642,7
176,2024-05-29,2798.97,Investigating,2028-04-26,938,6
177,2028-04-26,3112.26,Investigating,2029-04-13,441,1
178,2027-08-20,4285.76,Pending,2026-03-05,401,7
179,2025-01-30,745.44,Resolved,2029-12-06,793,5
180,2027-08-28,495.5,Resolved,2026-08-13,560,5
181,2026-08-13,1113.58,Investigating,2026-03-02,461,6
182,2025-09-17,293.98,Resolved,2029-07-21,252,2
183,2029-07-21,4834.02,Dismissed,2026-09-22,269,1
184,2025-01-23,398.83,Investigating,2029-03-05,215,5
185,2028-08-12,769.13,Pending,2030-04-24,741,1
186,2030-04-24,159.58,Pending,2028-06-24,829,6
187,2027-11-07,913.54,Investigating,2028-09-21,834,7
188,2027-05-02,4104.2,Pending,2027-09-08,892,7
189,2027-07-21,907.11,Dismissed,2028-10-31,846,7
190,2028-10-31,3750.89,Dismissed,2026-09-04,449,3
191,2026-04-24,885.9,Dismissed,2026-10-15,863,6
192,2025-04-30,922.59,Dismissed,2026-10-24,858,7
193,2026-10-24,4752.5,Dismissed,2026-08-27,314,7
194,2026-08-27,4636.65,Investigating,2028-08-04,842,1
195,2027-06-14,751.4,Dismissed,2030-02-21,953,3
196,2028-11-28,308.81,Investigating,2026-03-05,506,5
197,2026-02-01,635.48,Dismissed,2027-04-18,409,7
198,2027-04-18,476.53,Dismissed,2025-07-23,327,7
199,2025-07-23,3737.56,Pending,2028-07-25,681,4
200,2026-07-16,1001.98,Resolved,2029-02-01,1000,7
201,2029-02-01,3728.2,Resolved,2027-10-23,24,2
202,2025-03-28,3747.42,Pending,2029-06-22,288,5
203,2029-06-22,4386.44,Investigating,2028-12-14,380,4
204,2028-12-14,3909.33,Investigating,2025-03-06,903,1
205,2025-03-06,3608.74,Investigating,2026-05-24,579,6
206,2026-05-24,434.4,Dismissed,2026-03-06,25,2
207,2026-03-06,4067.81,Investigating,2029-01-07,687,7
208,2024-07-12,4283.84,Investigating,2027-10-20,885,2
209,2027-10-20,1778.62,Pending,2026-07-24,25,6
210,2025-10-27,295.69,Pending,2030-04-28,482,1
211,2030-04-28,4719,Resolved,2030-04-05,701,5
212,2030-04-05,3979.67,Dismissed,2030-03-11,196,7
213,2024-09-29,132.81,Dismissed,2029-03-03,51,1
214,2027-12-09,3112.89,Resolved,2028-06-06,936,7
215,2026-03-25,3116.34,Investigating,2029-02-08,209,7
216,2029-02-08,2223.03,Investigating,2029-11-15,137,4
217,2028-04-04,687.93,Dismissed,2028-05-02,899,7
218,2027-12-21,78.28,Investigating,2028-12-02,30,7
219,2027-08-23,3787.19,Resolved,2028-10-14,282,7
220,2026-01-13,288.35,Investigating,2029-12-29,258,7
221,2029-12-29,2151.18,Investigating,2028-09-30,648,1
222,2028-09-30,3171.83,Resolved,2029-04-25,706,4
223,2027-12-06,4761.79,Dismissed,2030-04-03,436,2
224,2027-08-18,1831.4,Resolved,2028-06-11,309,7
225,2028-06-11,779.33,Investigating,2026-11-13,932,1
226,2026-11-13,523.31,Pending,2029-10-08,165,3
227,2029-10-08,2992.14,Resolved,2028-03-24,247,7
228,2028-03-24,1622.21,Investigating,2027-04-18,731,1
229,2025-01-20,4598.19,Dismissed,2029-09-03,603,4
230,2024-08-12,4049.27,Investigating,2027-05-05,419,1
231,2027-05-05,3884.83,Resolved,2027-10-01,931,3
232,2027-05-14,2047.88,Investigating,2028-04-16,925,1
233,2024-12-24,88.99,Dismissed,2029-11-04,155,7
234,2029-11-04,2586.22,Resolved,2027-03-17,150,3
235,2027-03-17,1681.92,Resolved,2030-04-27,311,2
236,2030-04-27,3879.81,Resolved,2026-08-02,496,5
237,2025-11-05,2610.62,Investigating,2027-04-01,778,1
238,2025-02-19,3660,Pending,2029-11-26,349,5
239,2025-05-09,4162.55,Investigating,2026-02-17,938,6
240,2025-03-28,633.47,Resolved,2027-02-14,948,5
241,2027-02-14,1330.61,Resolved,2026-12-11,68,4
242,2026-12-11,1720.15,Pending,2028-11-27,227,4
243,2028-11-27,1552.9,Investigating,2029-01-19,762,1
244,2025-11-04,2076.63,Resolved,2029-10-01,356,3
245,2026-01-07,1832.05,Resolved,2027-03-05,677,4
246,2026-06-12,2094.22,Investigating,2025-11-24,942,3
247,2025-11-24,1855.73,Pending,2030-05-12,324,2
248,2026-07-15,2546.54,Resolved,2029-02-17,888,6
249,2026-03-13,4184.02,Resolved,2026-04-25,575,1
250,2025-10-01,668.88,Resolved,2027-02-05,194,7
251,2025-09-22,514.66,Resolved,2029-10-17,975,7
252,2026-09-13,1852.28,Resolved,2030-03-15,286,5
253,2025-09-28,4302.61,Pending,2029-09-11,695,5
254,2029-09-11,2566.39,Investigating,2029-09-14,125,1
255,2028-05-26,3729.24,Dismissed,2024-11-09,417,2
256,2024-06-25,3942.57,Investigating,2027-05-24,655,3
257,2027-05-24,306.8,Resolved,2029-12-06,619,3
258,2027-07-10,3841.27,Investigating,2028-06-12,713,3
259,2028-06-12,4859.15,Pending,2029-05-13,768,1
260,2025-08-23,3913.99,Resolved,2029-04-18,3,6
261,2029-04-18,537.94,Pending,2028-08-05,562,4
262,2028-08-05,500.5,Resolved,2030-01-19,491,1
263,2028-10-27,2585.89,Investigating,2029-06-06,831,3
264,2028-11-13,2172.49,Investigating,2029-12-06,951,1
265,2024-11-28,787.44,Resolved,2025-12-25,953,5
266,2025-12-25,867.05,Dismissed,2029-08-16,479,1
267,2027-11-10,4451.84,Investigating,2026-07-10,948,7
268,2026-07-10,2889.07,Resolved,2029-09-11,223,1
269,2029-09-11,2709.91,Dismissed,2030-03-08,981,1
270,2026-02-24,1840,Pending,2029-05-30,671,3
271,2028-04-12,4075.16,Pending,2029-07-06,471,3
272,2029-07-06,2390.39,Resolved,2029-08-11,172,1
273,2029-06-04,2283.28,Pending,2026-08-20,652,3
274,2026-08-20,1276.03,Pending,2028-10-21,444,7
275,2028-10-21,2809.78,Resolved,2029-12-31,581,4
276,2029-12-31,732.51,Pending,2026-03-16,930,4
277,2026-03-16,3190.94,Dismissed,2028-08-05,188,5
278,2025-10-26,2472.92,Pending,2027-01-13,679,4
279,2027-01-13,3904.48,Pending,2029-08-26,907,4
280,2024-09-05,1633.56,Investigating,2029-07-18,89,5
281,2029-07-18,3688.83,Investigating,2029-03-13,117,6
282,2029-03-13,3561.66,Pending,2028-02-01,377,2
283,2027-06-14,4436.03,Investigating,2029-06-25,56,3
284,2026-06-17,4115.93,Investigating,2024-10-23,728,2
285,2024-09-29,2135.46,Resolved,2027-06-29,749,4
286,2024-10-12,1759.27,Dismissed,2028-09-28,480,3
287,2028-07-03,1364.86,Dismissed,2027-04-19,33,2
288,2027-04-19,1598.3,Investigating,2025-08-19,179,4
289,2024-12-02,505.92,Investigating,2030-01-19,288,3
290,2025-12-31,2730.92,Dismissed,2028-05-21,994,1
291,2025-10-11,1806.91,Investigating,2027-12-29,63,7
292,2027-12-29,1088.25,Resolved,2028-04-09,395,7
293,2027-05-10,1357.94,Pending,2028-06-20,917,5
294,2025-07-27,3170.08,Investigating,2026-09-11,767,7
295,2024-10-17,4318.91,Resolved,2026-02-04,825,4
296,2025-11-12,1861.85,Dismissed,2029-10-16,49,4
297,2026-05-06,1252.75,Resolved,2027-09-06,467,6
298,2025-09-24,1959.95,Dismissed,2026-12-11,760,5
299,2026-12-11,4069.59,Pending,2028-04-06,263,6
300,2028-04-06,2455.33,Pending,2027-10-24,670,4
301,2026-07-19,2168.73,Resolved,2028-06-09,557,1
302,2028-06-09,4295.41,Resolved,2027-03-17,831,2
303,2027-03-17,992.69,Investigating,2026-02-13,513,5
304,2026-02-13,1542.27,Resolved,2027-05-25,605,1
305,2027-02-21,516.52,Resolved,2027-08-16,15,6
306,2024-12-28,201.58,Resolved,2030-05-07,601,6
307,2026-12-27,4227,Pending,2029-02-03,381,3
308,2026-06-21,4047.77,Resolved,2030-02-22,852,3
309,2026-09-29,4233,Investigating,2026-12-06,55,7
310,2026-12-06,4998.5,Investigating,2028-07-16,574,2
311,2028-07-16,1434.04,Investigating,2029-12-10,95,5
312,2029-12-10,4559.15,Pending,2028-05-16,111,3
313,2026-11-14,1003.41,Investigating,2029-09-06,874,4
314,2028-04-03,2719.07,Pending,2029-10-15,988,5
315,2029-10-15,1127.6,Dismissed,2028-04-12,10,5
316,2028-04-12,4605.64,Pending,2028-10-22,483,6
317,2027-06-24,1013.63,Pending,2029-05-11,108,4
318,2025-05-17,986.08,Resolved,2028-12-20,929,7
319,2028-12-20,2860.22,Resolved,2029-08-20,111,7
320,2027-04-27,2211.22,Pending,2026-10-08,961,2
321,2026-10-08,1259.11,Pending,2029-02-20,24,6
322,2029-02-20,1272.13,Investigating,2029-02-04,478,2
323,2028-02-12,3491.37,Pending,2027-09-13,872,3
324,2026-05-29,4111.7,Pending,2026-10-28,282,4
325,2025-07-19,3929.99,Dismissed,2027-11-23,337,6
326,2026-12-04,3347.8,Pending,2027-10-25,505,1
327,2027-10-25,1945.9,Resolved,2027-12-20,302,6
328,2027-12-20,2491.26,Pending,2029-04-18,927,6
329,2029-04-18,570.55,Dismissed,2029-04-08,698,3
330,2025-07-27,1173.4,Dismissed,2030-02-09,297,3
331,2030-02-09,1714.41,Resolved,2028-08-07,546,7
332,2028-03-17,1618.48,Pending,2028-03-17,570,6
333,2026-06-19,2357.56,Pending,2028-01-25,569,6
334,2025-04-18,3304.26,Dismissed,2027-05-23,516,7
335,2027-05-23,4003.8,Pending,2029-06-15,917,1
336,2029-06-15,3853.79,Resolved,2027-12-20,774,7
337,2027-12-20,3590.13,Investigating,2027-11-16,437,7
338,2025-10-26,1138.16,Pending,2029-01-15,784,5
339,2028-09-03,342.35,Dismissed,2030-01-12,152,1
340,2028-08-30,1704.89,Investigating,2029-11-03,214,6
341,2029-11-03,1971.59,Resolved,2028-04-21,680,5
342,2027-05-24,4459.83,Investigating,2030-05-14,732,4
343,2030-03-05,2985.45,Dismissed,2028-06-20,976,6
344,2028-06-20,2694.79,Pending,2028-05-07,692,4
345,2028-05-07,649.99,Resolved,2029-03-25,131,6
346,2029-03-25,3347.81,Dismissed,2029-11-04,809,2
347,2029-11-04,4915.55,Pending,2027-07-26,369,7
348,2026-01-09,4492.09,Resolved,2029-06-23,603,5
349,2029-06-23,262.8,Investigating,2028-09-30,828,2
350,2028-09-30,1977.25,Resolved,2028-04-05,585,6
351,2028-01-31,704.45,Investigating,2027-04-10,190,5
352,2027-04-10,1022.36,Resolved,2027-10-01,646,6
353,2026-06-04,4307.54,Resolved,2028-01-27,629,2
354,2027-01-09,2918.2,Dismissed,2028-02-29,58,7
355,2028-01-07,3210.92,Dismissed,2030-02-25,649,4
356,2029-10-11,1269.32,Resolved,2030-03-07,687,2
357,2030-03-07,2513.61,Investigating,2030-01-30,464,3
358,2029-01-10,2982.44,Investigating,2029-08-16,153,7
359,2026-09-11,2414.66,Pending,2029-06-19,670,6
360,2029-06-19,1916.36,Pending,2029-06-26,509,6
361,2026-11-27,3005.56,Dismissed,2029-09-09,860,4
362,2029-09-09,1978.74,Investigating,2029-10-29,957,1
363,2029-10-29,3483.76,Pending,2029-07-22,529,4
364,2029-07-22,600.4,Pending,2026-11-21,66,4
365,2026-04-12,3600.28,Pending,2027-11-02,509,1
366,2027-11-02,98.4,Dismissed,2024-11-15,545,4
367,2024-07-15,4640.62,Pending,2028-12-23,553,5
368,2028-02-06,2238.28,Dismissed,2030-02-07,337,7
369,2030-02-07,2695.11,Investigating,2026-06-29,387,4
370,2026-06-29,2801.92,Investigating,2028-01-21,836,5
371,2024-10-30,4928.45,Resolved,2027-10-10,679,5
372,2027-10-10,2874.36,Resolved,2028-08-23,76,3
373,2028-08-23,707.28,Investigating,2025-10-17,280,3
374,2025-10-17,4249.27,Dismissed,2025-10-17,456,6
375,2024-11-15,4366.98,Dismissed,2027-12-26,641,6
376,2027-12-26,2047.69,Investigating,2029-06-06,834,7
377,2029-06-06,4638.2,Pending,2027-06-10,646,2
378,2027-02-19,4778.56,Dismissed,2025-02-18,133,7
379,2025-02-18,333.3,Investigating,2028-03-24,845,7
380,2028-03-10,4891,Resolved,2026-01-27,84,2
381,2026-01-27,3210.03,Investigating,2029-06-25,898,6
382,2029-06-25,1327.86,Resolved,2025-07-23,71,2
383,2025-07-23,1507.11,Investigating,2029-06-12,57,1
384,2029-06-12,3021.29,Investigating,2030-04-02,45,5
385,2030-04-02,3733.39,Investigating,2028-11-05,880,1
386,2028-11-05,2430.79,Resolved,2028-04-30,342,1
387,2028-04-30,4667.49,Pending,2029-07-14,480,1
388,2029-07-14,934.72,Resolved,2029-01-28,676,6
389,2029-01-28,4973.19,Pending,2030-03-19,884,4
390,2026-05-05,3823.33,Dismissed,2030-03-19,136,4
391,2029-02-15,1912.59,Investigating,2028-04-12,182,5
392,2026-06-07,3233.68,Investigating,2026-12-20,669,1
393,2026-12-20,4495.71,Investigating,2026-07-09,311,3
394,2026-07-09,2088.58,Pending,2026-04-17,475,2
395,2026-04-17,1483.44,Pending,2027-12-28,552,4
396,2027-12-28,964.02,Resolved,2029-04-20,743,5
397,2027-07-18,3842.93,Pending,2027-04-02,939,4
398,2027-02-16,2166.67,Pending,2028-12-07,477,3
399,2027-06-08,167.48,Dismissed,2027-11-01,586,2
400,2025-04-28,2708.01,Investigating,2026-07-19,879,3
401,2025-09-08,4941.75,Investigating,2027-06-15,879,4
402,2025-07-08,4075.81,Dismissed,2027-07-18,923,3
403,2027-07-18,4466.96,Resolved,2025-07-23,395,7
404,2025-07-23,1836.69,Investigating,2025-09-08,371,4
405,2025-09-08,4731.97,Pending,2028-12-09,78,4
406,2028-12-09,23.1,Dismissed,2029-05-26,483,6
407,2029-05-26,525.54,Pending,2028-07-08,183,5
408,2028-07-08,4053.6,Pending,2029-06-30,306,2
409,2029-06-30,4311.52,Pending,2025-08-21,687,5
410,2024-09-08,1038.68,Investigating,2028-12-04,583,1
411,2028-12-04,1232.61,Dismissed,2029-09-10,7,6
412,2025-07-01,3085.49,Pending,2028-07-27,500,6
413,2025-04-22,4877.33,Pending,2029-09-25,611,5
414,2029-09-25,2343.49,Resolved,2030-03-21,584,7
415,2025-05-29,1295.42,Investigating,2030-03-22,61,4
416,2030-03-22,216.18,Pending,2028-08-23,509,5
417,2028-08-23,3976.82,Investigating,2027-01-04,853,7
418,2027-01-04,1090.74,Resolved,2028-03-13,188,4
419,2026-09-10,2193.93,Investigating,2026-06-05,802,7
420,2026-03-26,4243.25,Investigating,2027-08-10,702,4
421,2027-08-10,489.01,Investigating,2025-10-25,585,5
422,2025-03-31,738.51,Dismissed,2026-05-15,340,2
423,2026-05-15,3009.46,Investigating,2025-05-26,767,5
424,2025-05-26,1982.99,Resolved,2029-05-06,548,1
425,2029-05-06,4117.01,Pending,2030-04-03,52,6
426,2029-12-29,1407.37,Pending,2028-12-21,49,5
427,2028-12-04,3133.51,Investigating,2026-05-19,469,5
428,2025-12-25,4606.51,Investigating,2029-12-16,852,7
429,2025-04-02,1127.43,Resolved,2027-08-24,141,2
430,2027-08-24,4071.14,Investigating,2028-07-19,509,1
431,2024-05-27,1918.09,Pending,2028-02-20,416,4
432,2028-02-20,3720.02,Dismissed,2028-08-22,945,2
433,2028-08-22,1279.94,Resolved,2027-08-20,468,1
434,2026-08-08,1424.31,Dismissed,2028-09-20,920,3
435,2026-04-01,615.07,Pending,2029-09-18,861,7
436,2027-06-14,1197.4,Resolved,2029-08-10,432,3
437,2029-08-10,604.15,Investigating,2029-05-18,390,5
438,2029-05-18,4022.47,Resolved,2028-09-22,39,3
439,2028-09-22,2680.11,Dismissed,2030-02-18,93,7
440,2030-02-18,111.44,Investigating,2029-08-07,953,4
441,2028-04-28,4244.87,Resolved,2029-02-26,21,5
442,2029-02-26,2449.53,Investigating,2026-12-25,23,4
443,2026-11-18,1697.7,Pending,2027-09-22,654,3
444,2027-09-22,1358.12,Dismissed,2026-11-16,701,2
445,2026-10-12,4711.18,Pending,2030-01-15,361,1
446,2030-01-15,2385.94,Pending,2028-04-20,743,6
447,2028-04-20,1745.81,Dismissed,2028-03-13,255,3
448,2028-03-13,956.83,Resolved,2027-02-19,787,7
449,2026-03-04,2400.54,Pending,2026-07-01,251,5
450,2026-07-01,694.86,Investigating,2027-12-07,115,4
451,2027-12-07,3627.09,Dismissed,2025-08-26,238,4
452,2024-11-26,4552.27,Dismissed,2027-03-31,979,6
453,2027-01-28,2386.19,Dismissed,2029-06-18,383,5
454,2027-03-08,1077.6,Pending,2027-11-20,401,2
455,2025-11-12,1695.94,Dismissed,2029-11-19,249,6
456,2029-11-19,3961.6,Pending,2029-09-15,618,5
457,2029-09-15,4087.35,Pending,2027-01-07,615,2
458,2027-01-07,3373.85,Investigating,2028-06-21,407,2
459,2028-06-21,1008.25,Pending,2030-01-16,647,3
460,2030-01-16,4213.41,Resolved,2026-08-09,451,4
461,2026-08-09,4555.76,Pending,2026-09-15,935,6
462,2026-09-15,329.69,Dismissed,2026-05-05,8,1
463,2026-05-05,3586.19,Resolved,2027-05-28,613,6
464,2025-12-24,2442.27,Dismissed,2029-08-21,650,5
465,2027-08-23,371.44,Dismissed,2026-04-11,377,4
466,2026-04-11,2474.33,Dismissed,2026-07-17,305,3
467,2026-07-17,943.44,Dismissed,2030-03-15,663,5
468,2026-06-29,2503.48,Investigating,2027-05-29,55,5
469,2027-05-29,1604.23,Pending,2029-09-17,645,5
470,2027-12-09,3634.27,Dismissed,2027-12-12,249,5
471,2026-06-01,2928.68,Resolved,2030-03-29,325,1
472,2025-05-26,4782.36,Resolved,2029-07-12,725,7
473,2029-07-12,942.57,Dismissed,2028-07-09,69,2
474,2028-07-09,2634.65,Dismissed,2028-03-25,471,1
475,2026-07-11,825.58,Resolved,2026-03-24,523,1
476,2026-03-24,3519.95,Pending,2027-01-06,821,5
477,2026-02-02,1330.55,Pending,2028-07-01,222,1
478,2027-12-17,689.28,Pending,2030-01-10,728,3
479,2030-01-10,4839.52,Dismissed,2027-09-21,16,6
480,2024-11-04,1305.28,Resolved,2029-04-17,374,4
481,2025-07-24,3880.14,Dismissed,2029-08-16,136,6
482,2025-10-21,4512.41,Pending,2026-09-19,417,1
483,2026-09-19,150.01,Investigating,2029-11-28,172,4
484,2029-11-28,1565.18,Pending,2029-05-14,445,1
485,2029-05-14,4689.05,Resolved,2030-04-02,331,7
486,2028-11-14,4651.14,Investigating,2028-04-01,942,2
487,2025-10-04,3505.2,Investigating,2025-04-16,455,5
488,2025-04-16,861.55,Dismissed,2028-02-08,946,2
489,2028-02-08,3324.44,Dismissed,2026-10-19,744,1
490,2025-10-06,3217.7,Resolved,2026-04-08,369,7
491,2025-03-22,3129.78,Pending,2029-06-07,902,1
492,2029-06-07,4994.31,Dismissed,2026-09-25,140,5
493,2026-02-22,2424.52,Resolved,2030-03-18,858,7
494,2030-03-18,3820.43,Pending,2025-09-13,828,4
495,2025-09-13,3351.01,Investigating,2028-03-26,585,4
496,2028-03-26,2904.74,Resolved,2030-01-11,921,5
497,2030-01-11,558.78,Dismissed,2026-06-20,705,3
498,2026-06-20,3960.92,Pending,2029-10-19,183,5
499,2026-12-27,4408.3,Investigating,2024-10-15,887,4
500,2024-10-15,6.73,Investigating,2026-07-28,731,4
501,2024-11-15,20.04,Dismissed,2026-10-20,721,3
502,2026-10-20,1779.51,Investigating,2030-04-24,573,4
503,2026-10-13,4284.7,Pending,2027-03-28,620,7
504,2027-03-28,4593.76,Pending,2026-01-15,4,1
505,2026-01-15,3509.1,Dismissed,2026-03-19,343,3
506,2026-03-19,2301.74,Pending,2027-12-05,859,6
507,2027-12-05,1290.19,Dismissed,2028-02-14,718,2
508,2028-02-14,130.41,Pending,2027-05-09,315,2
509,2027-05-09,1749.86,Resolved,2029-07-26,291,1
510,2029-07-26,4490.93,Investigating,2029-06-18,176,7
511,2025-08-03,4720.79,Resolved,2028-08-15,19,5
512,2028-08-15,4084.75,Investigating,2027-03-08,418,7
513,2027-03-08,3682.03,Dismissed,2028-12-25,481,2
514,2028-12-25,849.77,Resolved,2026-02-08,277,5
515,2026-02-08,610.69,Investigating,2028-12-10,312,6
516,2028-12-10,2486.8,Dismissed,2030-05-18,105,7
517,2027-01-19,2899.01,Investigating,2029-09-11,8,2
518,2029-09-11,4681.14,Pending,2026-08-08,939,2
519,2026-08-08,2168.54,Dismissed,2026-10-09,510,3
520,2026-10-09,3042.2,Investigating,2027-04-19,801,3
521,2027-04-19,1368.54,Pending,2029-05-07,866,3
522,2029-05-07,179.08,Dismissed,2028-09-16,511,2
523,2028-09-16,668.43,Pending,2028-01-26,5,6
524,2028-01-26,106.21,Pending,2027-08-26,644,6
525,2025-11-13,68.78,Investigating,2028-08-26,534,3
526,2028-08-26,1455.09,Pending,2029-09-26,726,7
527,2029-09-26,1473.07,Pending,2029-09-03,612,4
528,2028-06-20,2698.83,Pending,2030-04-01,102,5
529,2030-04-01,1551.56,Dismissed,2029-01-10,615,4
530,2029-01-10,709,Dismissed,2025-06-05,409,7
531,2025-02-08,2763.16,Dismissed,2026-04-13,681,6
532,2024-09-02,2232.46,Dismissed,2030-04-13,336,2
533,2025-10-07,4675.84,Dismissed,2026-11-24,886,2
534,2025-07-19,1842.69,Dismissed,2028-03-19,683,6
535,2028-03-19,1827.47,Pending,2028-10-13,973,3
536,2028-10-13,3113.54,Pending,2027-02-01,883,1
537,2025-07-27,244.66,Pending,2029-11-08,126,6
538,2029-11-08,68.13,Resolved,2026-01-14,108,6
539,2025-05-26,2041.05,Pending,2028-05-10,240,5
540,2028-05-10,2159.03,Resolved,2026-08-25,978,2
541,2024-08-16,1021.24,Resolved,2026-08-30,436,5
542,2026-08-26,3268.78,Dismissed,2030-04-09,553,1
543,2030-04-09,1830.22,Pending,2027-07-29,148,1
544,2027-07-29,849.33,Pending,2027-01-21,210,6
545,2027-01-21,2608.59,Dismissed,2027-08-29,923,4
546,2027-08-29,1474.11,Resolved,2029-01-07,826,2
547,2028-01-18,1740.38,Dismissed,2030-03-14,37,3
548,2030-03-14,4028.46,Resolved,2027-02-25,237,2
549,2027-02-25,3861.85,Dismissed,2030-03-19,451,2
550,2030-03-19,1543.11,Investigating,2029-01-04,557,2
551,2027-01-19,2045.73,Investigating,2028-07-29,640,2
552,2028-07-29,2368.98,Pending,2028-08-21,558,4
553,2028-08-21,2327.11,Dismissed,2029-07-28,392,6
554,2029-07-28,1457.3,Pending,2029-05-19,392,7
555,2028-04-02,4352.34,Resolved,2030-05-15,139,2
556,2030-05-15,2621.29,Dismissed,2027-04-14,248,6
557,2027-04-14,2342.33,Dismissed,2029-03-05,866,7
558,2025-08-06,2702.6,Pending,2028-01-29,782,4
559,2028-01-29,173.88,Resolved,2026-05-04,140,3
560,2025-09-09,754.53,Pending,2028-01-09,692,5
561,2025-10-06,1663.84,Pending,2025-04-26,738,2
562,2025-03-22,1107.7,Dismissed,2025-09-03,725,3
563,2025-01-22,4255.05,Pending,2028-02-12,515,4
564,2024-05-22,4787.4,Investigating,2029-07-11,133,1
565,2029-07-11,3944.09,Dismissed,2030-05-01,316,7
566,2030-05-01,3966.91,Dismissed,2026-12-17,119,5
567,2026-04-06,45.81,Pending,2029-03-10,973,6
568,2027-03-20,2691.61,Investigating,2028-12-13,535,3
569,2028-10-16,1323.06,Resolved,2028-12-27,709,4
570,2025-12-07,2805.99,Pending,2030-02-27,224,7
571,2026-05-08,1875.26,Resolved,2030-02-19,313,5
572,2030-02-19,3011.82,Resolved,2027-10-30,42,2
573,2027-10-30,2162.47,Dismissed,2027-11-11,2,7
574,2025-10-03,3535.67,Dismissed,2030-03-10,118,4
575,2030-03-10,894.88,Pending,2029-06-10,48,4
576,2028-08-27,4913.26,Investigating,2027-06-17,45,4
577,2024-08-28,2824.63,Pending,2028-04-15,763,3
578,2028-04-15,921.14,Resolved,2027-02-25,409,3
579,2026-10-11,1085.71,Pending,2030-01-02,940,5
580,2024-12-17,4077.6,Dismissed,2026-09-11,942,3
581,2026-09-11,1787.49,Resolved,2028-08-05,661,5
582,2027-07-11,3867.85,Investigating,2029-08-05,308,4
583,2025-05-20,1762.36,Investigating,2028-04-03,873,1
584,2026-07-14,685.28,Investigating,2029-07-19,582,1
585,2029-07-19,4954.81,Resolved,2028-07-22,285,3
586,2028-07-22,4292.11,Dismissed,2027-03-29,779,2
587,2027-03-29,3646.97,Dismissed,2026-04-10,529,6
588,2026-04-10,4349.2,Pending,2027-06-12,923,7
589,2026-03-31,2124.24,Dismissed,2029-09-06,157,7
590,2024-09-11,2584.47,Investigating,2030-05-01,101,7
591,2030-05-01,1543.78,Investigating,2027-06-15,738,6
592,2026-02-24,2523.11,Resolved,2028-11-24,86,2
593,2026-09-11,3509.25,Investigating,2027-06-02,696,3
594,2027-06-02,1811.96,Resolved,2025-05-25,635,4
595,2025-05-14,3379.02,Pending,2027-10-04,221,3
596,2024-11-19,3680.09,Investigating,2029-09-13,416,4
597,2028-07-09,1593.07,Dismissed,2026-06-08,642,2
598,2025-08-09,4989.26,Pending,2027-11-25,583,2
599,2026-05-03,3809.72,Dismissed,2027-02-11,288,3
600,2026-10-04,2912.87,Investigating,2028-04-06,938,6
601,2028-04-06,4798.22,Investigating,2028-04-27,665,6
602,2028-04-27,358.84,Pending,2027-03-26,465,6
603,2024-06-30,3295.56,Dismissed,2030-02-10,624,7
604,2026-08-25,1233.48,Investigating,2030-01-11,882,6
605,2030-01-11,2195.21,Pending,2024-10-15,851,3
606,2024-08-27,2026.4,Dismissed,2027-10-30,544,2
607,2027-01-17,2772.14,Dismissed,2028-09-30,999,1
608,2028-09-30,1822.4,Resolved,2027-03-18,568,7
609,2027-03-18,429.05,Resolved,2029-07-23,343,7
610,2027-05-15,4565.38,Dismissed,2029-05-23,401,4
611,2028-06-14,3739.53,Investigating,2027-06-11,915,2
612,2027-06-11,3793.68,Resolved,2026-09-12,165,7
613,2026-05-08,3926.74,Investigating,2027-01-20,358,1
614,2027-01-20,2532.81,Pending,2029-11-15,966,4
615,2026-12-14,1436.88,Investigating,2028-11-17,736,5
616,2028-11-17,3819.66,Dismissed,2027-11-21,514,7
617,2024-11-12,227.55,Pending,2027-06-05,118,1
618,2027-06-05,4400.16,Pending,2027-12-11,185,6
619,2026-12-07,2617.95,Dismissed,2028-07-25,378,7
620,2024-07-17,3318.03,Resolved,2029-02-14,569,4
621,2029-02-14,575.99,Resolved,2027-08-30,284,5
622,2026-05-25,2921.01,Pending,2026-10-21,240,7
623,2025-11-16,851.74,Pending,2028-02-07,966,7
624,2027-05-15,3505.82,Dismissed,2027-08-16,206,6
625,2026-09-09,4063.35,Investigating,2028-03-25,837,4
626,2027-01-31,3843.79,Dismissed,2026-01-26,17,6
627,2026-01-26,3134.08,Resolved,2029-06-02,845,3
628,2029-06-02,2312.1,Investigating,2027-02-13,643,5
629,2027-02-13,4517.08,Dismissed,2029-10-28,386,1
630,2029-10-28,4851.79,Dismissed,2027-06-11,595,7
631,2027-06-11,3852.54,Resolved,2025-10-27,63,5
632,2025-10-27,1112.84,Dismissed,2026-07-16,294,1
633,2026-07-16,1148.79,Resolved,2029-09-24,482,2
634,2029-09-24,3430.7,Pending,2027-10-08,947,2
635,2027-10-08,2305.48,Resolved,2025-10-04,144,6
636,2025-10-04,4536.49,Investigating,2025-04-09,549,6
637,2025-04-09,4358.28,Resolved,2025-12-06,795,5
638,2025-12-06,4330.7,Pending,2026-08-24,31,7
639,2026-08-05,914.19,Investigating,2029-07-15,753,1
640,2027-02-15,2619.99,Pending,2027-11-09,878,1
641,2025-07-10,245.57,Dismissed,2027-12-25,715,1
642,2026-03-23,683.72,Dismissed,2027-01-14,401,5
643,2027-01-14,1125.54,Pending,2026-02-16,977,6
644,2024-11-23,1008.01,Dismissed,2028-10-25,362,7
645,2028-10-25,2208.64,Resolved,2029-12-03,753,4
646,2029-12-03,1148.45,Investigating,2026-01-22,64,6
647,2025-07-19,3693.58,Resolved,2030-01-24,179,5
648,2026-02-06,1304.54,Investigating,2028-03-30,627,6
649,2028-03-30,2349.8,Dismissed,2030-03-06,40,4
650,2024-09-29,383.35,Investigating,2029-03-30,311,6
651,2024-10-08,4993.88,Investigating,2029-04-08,52,4
652,2027-01-15,757.4,Resolved,2028-04-17,196,4
653,2024-11-04,533.25,Investigating,2026-06-30,71,5
654,2025-01-19,200.69,Investigating,2029-10-21,288,5
655,2025-05-21,2746.72,Investigating,2030-03-21,621,6
656,2024-07-10,3068.09,Resolved,2029-05-27,826,1
657,2029-05-27,4331.7,Pending,2027-07-24,60,6
658,2025-07-10,4863.51,Dismissed,2029-01-12,580,7
659,2029-01-12,753.05,Pending,2029-03-03,857,6
660,2029-03-03,3884.9,Resolved,2029-04-30,323,1
661,2024-10-24,1808.92,Dismissed,2029-02-05,141,5
662,2025-04-15,3797.07,Resolved,2025-12-22,737,6
663,2025-12-22,1984.86,Investigating,2028-01-10,226,7
664,2028-01-10,1878.69,Pending,2027-10-11,135,5
665,2024-07-25,4315.48,Resolved,2029-10-13,668,1
666,2024-07-24,623.25,Dismissed,2029-01-12,166,6
667,2028-10-04,30.05,Dismissed,2028-04-11,35,5
668,2028-04-11,1958.17,Pending,2026-04-29,276,4
669,2026-04-29,2460.73,Resolved,2029-03-01,614,4
670,2029-03-01,438.72,Resolved,2029-10-05,947,1
671,2029-10-05,2534.7,Dismissed,2029-01-07,850,2
672,2027-09-13,492.44,Investigating,2028-04-29,305,3
673,2028-04-29,317.2,Dismissed,2028-08-04,269,1
674,2028-08-04,4165.55,Pending,2026-08-08,656,3
675,2026-08-08,2354.25,Resolved,2029-03-05,680,4
676,2029-03-05,3789.48,Investigating,2029-09-01,386,2
677,2024-11-28,1896.2,Pending,2029-10-31,221,5
678,2026-11-21,3887.38,Dismissed,2028-10-14,596,2
679,2025-10-23,3330.35,Investigating,2029-01-27,189,3
680,2028-10-21,594.46,Pending,2029-08-21,561,6
681,2029-08-21,1816.7,Pending,2028-04-20,308,4
682,2028-04-20,4530.12,Investigating,2027-06-10,467,6
683,2027-06-10,4560.2,Resolved,2027-11-19,989,3
684,2024-11-01,100.51,Dismissed,2030-01-28,180,6
685,2028-10-25,3681.23,Dismissed,2026-09-18,604,2
686,2025-04-26,3654.03,Resolved,2026-03-12,790,6
687,2024-05-20,991.62,Pending,2029-11-05,90,2
688,2028-08-10,1624.4,Investigating,2029-06-28,279,2
689,2029-06-28,2304.89,Resolved,2029-03-26,925,2
690,2029-03-26,4919.25,Resolved,2027-03-02,138,4
691,2025-06-17,1473.41,Pending,2027-10-17,410,5
692,2027-10-17,839.87,Investigating,2027-07-20,579,7
693,2026-06-30,3522.2,Dismissed,2028-11-17,290,7
694,2028-11-17,2086.95,Resolved,2026-12-08,945,7
695,2024-07-15,1605.5,Dismissed,2029-04-02,577,2
696,2029-04-02,4392.82,Investigating,2029-07-09,211,3
697,2029-07-09,2354.87,Resolved,2025-09-29,90,3
698,2025-03-03,2523.7,Resolved,2027-12-12,612,1
699,2027-12-12,4177.85,Dismissed,2028-10-03,833,7
700,2028-10-03,1068.06,Dismissed,2029-02-07,921,5
701,2024-10-08,2145.84,Dismissed,2028-03-17,460,4
702,2027-02-24,3458.01,Investigating,2030-03-06,9,4
703,2030-03-06,2763.76,Resolved,2027-05-11,484,4
704,2025-11-07,817.83,Investigating,2027-11-18,875,4
705,2025-12-12,4374.19,Dismissed,2025-05-08,794,2
706,2025-05-08,2011.38,Dismissed,2026-11-25,673,3
707,2026-11-25,1660.99,Resolved,2030-03-10,127,7
708,2030-03-10,3624.73,Resolved,2030-02-11,969,4
709,2025-01-30,1575.61,Dismissed,2027-01-30,674,4
710,2025-08-25,417.59,Pending,2029-06-05,49,1
711,2029-06-05,1205.68,Pending,2028-03-13,929,1
712,2025-08-14,4738.02,Resolved,2030-03-06,782,2
713,2026-01-27,2777.34,Dismissed,2030-04-03,100,4
714,2030-04-03,1741.25,Dismissed,2029-08-19,97,4
715,2024-12-27,612.46,Pending,2029-12-26,294,3
716,2029-12-26,13.13,Dismissed,2030-04-03,388,7
717,2030-04-03,4198.31,Investigating,2029-11-27,657,4
718,2029-11-27,4460.74,Resolved,2026-04-17,467,6
719,2025-03-17,2575.07,Pending,2028-06-06,660,1
720,2028-06-06,3185.7,Resolved,2025-08-11,591,1
721,2025-05-05,33.17,Investigating,2030-05-06,987,7
722,2030-01-02,842.36,Investigating,2028-05-23,472,6
723,2026-12-02,975,Investigating,2028-09-27,312,5
724,2028-09-27,3033.69,Investigating,2028-07-09,464,2
725,2028-07-09,755.51,Investigating,2027-11-11,464,3
726,2026-03-25,2300.68,Dismissed,2028-10-09,427,4
727,2026-09-20,1861.89,Pending,2028-02-17,389,6
728,2028-02-17,1552.25,Dismissed,2026-12-30,763,4
729,2026-12-30,734.42,Pending,2026-04-12,700,4
730,2025-04-05,4624.55,Resolved,2028-11-13,712,3
731,2028-11-13,1966.98,Pending,2029-11-15,491,2
732,2026-05-30,4731.33,Resolved,2030-01-12,76,7
733,2030-01-12,3529.31,Investigating,2027-10-21,670,4
734,2027-10-21,2830.67,Pending,2029-06-17,362,3
735,2029-06-17,2092.43,Dismissed,2027-02-14,708,7
736,2027-02-14,3504.73,Dismissed,2029-01-30,947,1
737,2029-01-30,386.07,Investigating,2026-07-28,361,2
738,2026-01-07,4457.7,Dismissed,2030-03-15,742,3
739,2027-08-06,2227.62,Resolved,2029-06-07,803,2
740,2029-06-07,1582.75,Pending,2028-03-05,593,7
741,2028-02-19,2429.78,Resolved,2025-08-26,380,4
742,2024-11-05,3138.81,Pending,2027-05-15,496,7
743,2025-09-22,2666.82,Dismissed,2028-11-29,80,4
744,2028-11-29,2643.1,Resolved,2028-06-06,181,5
745,2028-06-06,4187.01,Dismissed,2029-11-14,101,1
746,2029-11-14,3991.63,Investigating,2029-02-14,355,5
747,2026-07-29,1780.8,Pending,2029-02-26,635,2
748,2028-04-30,2422.07,Resolved,2029-10-05,472,2
749,2024-08-27,3721.48,Pending,2027-11-26,727,6
750,2025-12-16,3801.17,Dismissed,2028-06-18,807,1
751,2028-06-18,806.21,Dismissed,2028-02-18,162,2
752,2028-02-18,1524.39,Investigating,2028-12-24,77,5
753,2026-09-29,780.19,Dismissed,2029-02-23,867,6
754,2027-01-17,3813.81,Dismissed,2029-08-02,916,1
755,2029-08-02,2222.62,Investigating,2027-05-03,190,7
756,2027-05-03,2601.89,Pending,2028-10-21,328,4
757,2027-02-07,315.81,Dismissed,2028-02-17,160,3
758,2026-03-22,2327.11,Resolved,2029-01-28,498,1
759,2029-01-28,100.79,Dismissed,2027-01-12,767,7
760,2026-10-25,1845.21,Investigating,2027-08-31,519,7
761,2027-08-31,184.67,Pending,2028-01-24,659,2
762,2024-08-02,1500.57,Pending,2027-03-04,93,1
763,2027-03-04,2867.38,Investigating,2029-03-08,645,1
764,2029-03-08,934.68,Dismissed,2026-09-04,64,2
765,2026-09-04,3489.18,Resolved,2028-02-26,6,6
766,2028-02-26,4465.24,Resolved,2030-02-02,715,6
767,2030-02-02,709.69,Resolved,2025-11-04,383,4
768,2025-07-05,231.27,Pending,2027-05-21,888,3
769,2025-06-08,809.02,Dismissed,2030-01-10,879,5
770,2027-04-08,2881.13,Pending,2030-03-23,945,2
771,2030-03-23,4155.45,Dismissed,2028-07-11,707,3
772,2027-11-12,4676.59,Dismissed,2029-07-19,605,2
773,2024-12-05,2910.19,Dismissed,2030-05-13,93,4
774,2030-05-13,2505.28,Resolved,2025-06-23,745,4
775,2025-06-23,1170.61,Resolved,2029-05-20,383,5
776,2027-10-02,505.4,Dismissed,2029-12-29,174,5
777,2029-12-29,3488.94,Dismissed,2029-04-14,318,5
778,2029-04-14,687.72,Investigating,2027-06-23,937,4
779,2024-09-05,1310.62,Dismissed,2026-08-29,246,7
780,2026-08-29,1946.96,Investigating,2028-11-17,302,7
781,2028-11-17,3115.11,Investigating,2029-12-03,421,7
782,2026-06-11,4071.7,Dismissed,2029-09-01,765,4
783,2026-01-18,3133.2,Pending,2027-10-26,268,2
784,2027-08-31,1408.14,Investigating,2027-03-07,155,2
785,2025-11-12,4471.51,Resolved,2027-06-16,333,4
786,2027-06-16,3944.03,Pending,2026-08-30,475,3
787,2025-01-22,3206.49,Investigating,2029-10-12,402,2
788,2028-08-01,1250.57,Pending,2028-09-10,825,5
789,2028-09-10,830.05,Pending,2026-12-25,451,6
790,2025-06-03,2159.92,Pending,2027-04-25,53,5
791,2027-04-25,850.42,Dismissed,2030-04-21,705,1
792,2027-10-30,1762.12,Investigating,2026-12-03,641,7
793,2025-05-30,1982.87,Dismissed,2030-04-20,799,4
794,2028-08-02,2804.34,Investigating,2025-08-14,761,1
795,2025-08-14,1494.39,Resolved,2028-11-30,258,6
796,2028-11-30,953.16,Dismissed,2029-02-10,157,7
797,2027-06-04,983.07,Dismissed,2026-12-18,996,2
798,2026-12-18,222.97,Resolved,2030-04-21,94,3
799,2030-04-21,2272.95,Resolved,2027-09-28,255,6
800,2027-09-28,451.16,Dismissed,2028-09-17,669,3
801,2025-12-16,613.72,Investigating,2027-10-31,334,3
802,2025-02-15,3672.79,Resolved,2029-11-10,79,4
803,2025-03-22,3223.36,Investigating,2029-06-19,142,4
804,2026-03-03,1748.32,Resolved,2025-07-24,429,2
805,2025-01-08,196.06,Resolved,2029-10-16,482,7
806,2029-10-16,3873.87,Investigating,2027-10-22,97,2
807,2027-10-22,2198.43,Pending,2029-10-03,321,7
808,2028-12-23,1722.26,Resolved,2028-12-29,876,6
809,2024-07-16,3731.54,Pending,2029-12-15,555,7
810,2029-12-15,376.97,Resolved,2024-09-16,394,5
811,2024-08-22,2563.48,Investigating,2027-07-23,690,1
812,2025-08-14,4388.42,Pending,2030-05-07,364,5
813,2030-05-07,844.74,Pending,2027-04-04,549,5
814,2027-04-04,3421.48,Dismissed,2030-03-04,25,4
815,2030-03-04,1598.68,Pending,2029-03-25,69,3
816,2025-11-02,3466.84,Investigating,2028-08-13,169,3
817,2024-11-23,3685.63,Dismissed,2024-12-07,366,1
818,2024-12-07,3995.8,Dismissed,2028-10-03,871,4
819,2028-10-03,4658.2,Pending,2029-03-24,488,4
820,2025-07-08,483.66,Resolved,2028-10-28,872,6
821,2027-09-01,1666.84,Dismissed,2029-07-21,307,1
822,2028-07-12,1852.8,Resolved,2029-11-16,257,7
823,2025-04-17,2648.16,Dismissed,2029-11-28,617,2
824,2029-11-28,396.09,Resolved,2026-04-08,640,7
825,2024-07-26,2815.95,Pending,2026-07-23,435,2
826,2024-06-03,1865.18,Resolved,2028-09-28,392,5
827,2026-02-10,3999.84,Investigating,2029-03-10,680,1
828,2029-03-10,3782.18,Pending,2026-05-07,832,2
829,2025-09-11,146.57,Pending,2025-04-21,687,1
830,2025-01-02,1484.45,Investigating,2025-02-11,213,2
831,2025-02-11,4638.33,Dismissed,2025-01-29,611,7
832,2025-01-29,3565.1,Dismissed,2027-06-19,681,5
833,2027-06-19,2446.34,Investigating,2030-04-25,762,4
834,2030-04-25,575.3,Investigating,2029-01-09,253,6
835,2026-05-12,4241.72,Investigating,2030-01-05,251,5
836,2030-01-05,1774.48,Resolved,2029-11-06,761,7
837,2029-11-06,2272.01,Investigating,2030-01-21,563,5
838,2030-01-21,1814.84,Investigating,2029-05-15,236,7
839,2029-05-15,3612.41,Investigating,2029-05-18,581,7
840,2028-07-15,1688.5,Pending,2029-08-20,216,2
841,2025-06-29,4506.53,Investigating,2030-03-23,576,4
842,2030-02-15,2053.79,Dismissed,2028-03-20,264,6
843,2028-03-20,2453.2,Investigating,2030-05-04,396,7
844,2030-05-04,4296.33,Dismissed,2027-08-03,188,3
845,2027-08-03,4575.57,Pending,2028-07-05,346,2
846,2025-07-10,631.11,Resolved,2028-09-04,409,2
847,2024-12-03,4146.75,Resolved,2028-09-09,670,6
848,2028-09-09,4257.01,Pending,2028-02-19,416,7
849,2028-02-19,612.91,Pending,2025-12-14,141,3
850,2025-12-14,4963.59,Dismissed,2026-01-28,848,5
851,2026-01-28,1553.03,Pending,2025-06-07,125,7
852,2025-04-29,1540.88,Dismissed,2028-07-28,482,2
853,2028-07-28,1769.54,Investigating,2028-03-30,179,5
854,2025-05-15,1421.76,Resolved,2027-11-20,877,1
855,2024-06-30,4376.39,Pending,2026-03-21,600,7
856,2024-07-10,3828.37,Pending,2029-04-04,703,6
857,2029-04-04,247.02,Pending,2028-03-16,116,4
858,2026-07-26,2319.79,Investigating,2028-08-28,546,7
859,2028-08-28,2905.13,Pending,2029-09-27,307,1
860,2027-02-11,2512.33,Resolved,2028-06-14,207,7
861,2026-11-22,3096.49,Investigating,2030-01-14,37,7
862,2027-01-12,3009.77,Pending,2028-02-12,128,1
863,2025-04-04,4666.04,Investigating,2027-09-23,42,7
864,2027-09-23,3501.11,Dismissed,2026-07-14,886,3
865,2025-06-11,2459.43,Resolved,2026-05-15,290,7
866,2026-05-15,3857.11,Dismissed,2026-11-21,527,7
867,2026-11-21,699.09,Dismissed,2029-09-24,385,3
868,2029-09-24,4340.66,Pending,2029-06-22,38,5
869,2029-04-02,852.95,Pending,2029-09-10,720,5
870,2029-09-10,1875.78,Investigating,2029-12-26,833,7
871,2028-04-06,3744.42,Resolved,2026-10-07,182,5
872,2026-10-07,3061.98,Resolved,2029-08-23,31,6
873,2029-08-23,620.71,Resolved,2029-03-08,66,7
874,2028-05-17,2386.11,Investigating,2029-05-08,850,7
875,2029-05-08,3762.94,Resolved,2029-01-05,720,6
876,2029-01-05,847.95,Dismissed,2027-01-21,686,3
877,2027-01-21,4660.42,Resolved,2029-04-24,39,5
878,2028-10-01,3495.23,Investigating,2028-05-03,218,3
879,2028-05-03,2777.15,Resolved,2029-06-17,898,1
880,2029-06-17,594.7,Dismissed,2026-09-08,516,2
881,2026-08-01,4006.87,Pending,2030-03-05,355,5
882,2026-02-28,4113.6,Investigating,2026-07-02,669,2
883,2026-07-02,3734.9,Resolved,2027-06-15,756,4
884,2026-05-23,315.05,Resolved,2028-12-02,852,2
885,2027-04-17,585.36,Pending,2029-12-18,429,6
886,2029-12-18,133.16,Pending,2027-01-25,601,7
887,2026-06-28,217.41,Pending,2026-10-11,835,1
888,2026-10-11,4886.39,Dismissed,2025-08-04,788,4
889,2025-08-04,4056.78,Investigating,2028-01-05,669,1
890,2026-03-14,1035.02,Resolved,2030-05-05,703,1
891,2027-04-14,1700,Investigating,2028-11-20,411,5
892,2028-11-20,704.84,Dismissed,2029-01-03,344,1
893,2026-10-02,2703.01,Investigating,2029-12-07,41,3
894,2024-10-08,3916.78,Dismissed,2027-04-28,789,7
895,2026-11-24,3078.28,Investigating,2028-10-06,763,1
896,2027-11-09,320.56,Pending,2028-10-13,304,4
897,2028-10-13,1872.25,Investigating,2026-05-05,833,6
898,2024-07-02,2243.1,Pending,2027-06-18,475,6
899,2027-06-18,1768.44,Resolved,2030-03-16,757,2
900,2030-03-16,2207.23,Pending,2029-04-01,881,1
901,2029-04-01,4908.74,Resolved,2029-08-04,417,2
902,2026-03-02,2748.74,Pending,2029-12-05,709,4
903,2027-12-06,3101.42,Dismissed,2029-12-05,625,2
904,2029-12-05,2689.59,Resolved,2027-10-22,126,5
905,2027-10-22,3429.19,Investigating,2026-04-12,57,6
906,2026-02-03,660.1,Pending,2027-02-09,227,5
907,2025-03-29,4545.85,Dismissed,2030-02-15,719,7
908,2026-12-30,3784.91,Resolved,2030-03-13,954,6
909,2028-08-07,1124.98,Investigating,2025-12-21,115,2
910,2025-10-13,4568.26,Resolved,2030-04-15,681,2
911,2028-03-28,435.95,Resolved,2029-01-12,954,4
912,2028-05-05,2098.82,Investigating,2027-08-21,574,7
913,2025-03-04,3489.48,Resolved,2027-05-01,886,3
914,2027-05-01,2523.17,Investigating,2027-07-26,329,2
915,2026-08-31,1834.86,Pending,2029-12-18,968,6
916,2028-01-12,400.7,Investigating,2027-01-24,918,5
917,2027-01-24,635.33,Investigating,2029-08-22,68,6
918,2029-08-22,367.67,Pending,2030-05-09,266,2
919,2029-11-26,3268.13,Pending,2029-06-29,748,1
920,2029-06-29,2349.03,Resolved,2029-04-22,808,2
921,2027-01-08,2141.3,Pending,2027-05-17,125,4
922,2027-05-17,4887.91,Resolved,2028-11-23,831,5
923,2026-11-27,2164.99,Pending,2027-07-12,495,3
924,2024-09-16,2032.66,Pending,2025-05-27,663,5
925,2024-10-17,35,Resolved,2030-04-02,775,6
926,2030-04-02,228.96,Resolved,2025-03-08,712,6
927,2025-03-08,837.05,Dismissed,2030-02-22,776,6
928,2030-02-22,4547.86,Pending,2030-04-17,192,2
929,2028-10-04,3195.93,Investigating,2029-03-07,942,2
930,2027-08-04,4807.6,Dismissed,2026-05-01,838,3
931,2024-06-28,716.41,Dismissed,2029-07-20,76,3
932,2029-02-27,4686.21,Pending,2028-02-02,81,6
933,2028-02-02,1652.57,Resolved,2030-05-06,370,6
934,2027-09-09,2422.28,Resolved,2028-04-10,192,1
935,2028-04-10,1450.98,Investigating,2026-04-18,32,2
936,2026-04-18,228.12,Resolved,2024-07-25,906,1
937,2024-07-25,4036.19,Resolved,2029-01-09,51,6
938,2029-01-09,2367.11,Investigating,2030-01-20,701,7
939,2027-03-23,1544.42,Resolved,2028-07-09,854,7
940,2028-07-02,2989.92,Pending,2027-02-16,874,3
941,2027-02-16,1619.73,Resolved,2027-11-11,397,1
942,2026-06-26,2207.62,Investigating,2027-10-05,391,6
943,2027-10-05,2800.44,Investigating,2030-01-27,294,4
944,2029-01-03,1213.5,Resolved,2029-07-16,991,6
945,2029-07-16,1072.29,Pending,2029-09-29,86,2
946,2025-02-12,3934.74,Dismissed,2028-01-01,802,3
947,2028-01-01,2928.57,Investigating,2030-04-20,279,3
948,2030-04-20,3878.95,Pending,2026-07-30,399,3
949,2026-02-20,3548.6,Investigating,2028-03-07,779,3
950,2028-03-07,3969.28,Pending,2030-01-08,841,3
951,2030-01-08,4064.99,Resolved,2028-11-16,800,1
952,2028-11-16,4239.63,Pending,2027-11-06,623,1
953,2027-11-06,4381.66,Pending,2026-12-13,950,3
954,2026-12-13,865.51,Resolved,2028-11-07,262,6
955,2025-08-30,1553.45,Resolved,2028-03-15,85,3
956,2028-03-15,3541.55,Investigating,2028-02-26,959,6
957,2027-11-20,3400.27,Investigating,2026-11-09,410,3
958,2024-09-20,1595.67,Investigating,2028-09-15,797,1
959,2027-02-17,2865.44,Dismissed,2029-04-27,344,6
960,2029-04-27,163.36,Dismissed,2027-10-23,101,5
961,2027-10-23,3894.59,Dismissed,2029-10-14,855,4
962,2026-02-24,1039.87,Dismissed,2027-12-13,563,4
963,2027-05-05,832.42,Dismissed,2027-12-18,469,6
964,2027-12-18,4382.91,Investigating,2028-08-28,493,1
965,2028-08-28,4631.23,Dismissed,2030-04-04,76,5
966,2030-04-04,1985.86,Resolved,2026-06-06,738,5
967,2024-12-06,1855.36,Investigating,2029-10-31,437,7
968,2029-10-31,1794.59,Investigating,2026-08-01,585,2
969,2026-08-01,2110.02,Pending,2027-03-17,11,1
970,2027-03-17,3529.81,Investigating,2028-12-30,617,5
971,2025-01-30,4489.85,Dismissed,2029-01-31,499,3
972,2029-01-31,325.3,Dismissed,2028-03-18,330,5
973,2026-07-25,581.4,Investigating,2029-04-22,667,6
974,2026-05-30,4822.8,Resolved,2029-03-08,218,3
975,2029-03-08,3414.24,Dismissed,2030-04-04,348,2
976,2030-04-04,1491.55,Dismissed,2028-11-09,527,7
977,2028-11-09,4921.26,Resolved,2030-01-02,803,2
978,2030-01-02,241.99,Investigating,2025-02-17,328,3
979,2024-12-26,1499.22,Pending,2028-03-26,668,6
980,2028-03-26,4172.73,Investigating,2027-12-28,56,2
981,2026-01-21,4433.87,Pending,2027-12-23,462,2
982,2027-12-23,3740.78,Resolved,2028-04-17,443,2
983,2028-04-17,725.27,Investigating,2029-06-09,234,1
984,2029-06-09,758.2,Resolved,2029-06-04,808,6
985,2025-01-30,783.6,Resolved,2029-05-31,939,1
986,2027-08-27,2821.03,Investigating,2030-01-30,947,7
987,2028-04-24,2563.25,Dismissed,2029-11-14,548,1
988,2027-01-31,162.32,Resolved,2026-02-15,186,5
989,2026-02-15,2025.02,Investigating,2028-08-08,80,2
990,2027-05-28,4539.71,Investigating,2026-08-14,580,7
991,2025-06-14,1720.06,Dismissed,2027-01-24,494,3
992,2027-01-24,1848.89,Resolved,2030-03-29,144,2
993,2029-09-20,1246.94,Pending,2029-06-19,491,1
994,2026-09-28,3603.16,Dismissed,2028-03-01,88,6
995,2026-10-09,2508.82,Resolved,2030-01-21,199,2
996,2025-03-14,1700.44,Investigating,2025-03-12,153,7
997,2025-03-12,4349.81,Pending,2026-10-08,261,6
998,2026-10-08,685.66,Dismissed,2030-01-08,884,2
999,2028-04-04,3577.58,Dismissed,2028-09-02,490,1
1000,2028-09-02,2368.07,Investigating,2028-09-02,356,4
