card_id,account_id,status,cvv,expiry_date,issue_number,userid,type_id,limit_id
1,363066,Expired,700,2029-06-24,6,943437025,981,603
2,780030,Active,139,2027-05-15,2,895529408,283,331
3,755786,Expired,215,2029-10-20,9,606563055,370,204
4,391337,Blocked,698,2028-05-25,1,287023184,865,523
5,380524,Active,492,2027-02-22,3,532820971,454,121
6,194777,Cancelled,372,2028-11-26,6,847722568,246,560
7,258785,Cancelled,906,2024-12-10,9,529657375,5,899
8,704641,Cancelled,363,2026-08-08,9,327495030,454,584
9,215707,Expired,149,2025-06-05,8,922902049,686,665
10,404884,Cancelled,528,2029-07-28,10,321562188,460,138
11,607305,Expired,970,2029-06-12,4,452749541,533,523
12,720050,Expired,396,2027-11-27,1,956495990,963,153
13,945662,Blocked,599,2024-10-29,8,507724787,66,809
14,538139,Blocked,481,2029-10-25,10,852970114,9,418
15,561896,Expired,324,2030-04-11,9,214848371,436,138
16,915821,Active,207,2026-11-13,10,444116410,108,474
17,735225,Blocked,506,2026-02-12,5,716143935,659,634
18,505204,Cancelled,889,2030-04-29,2,539811985,251,784
19,381630,Cancelled,113,2024-05-25,8,652613947,503,155
20,604388,Active,652,2028-04-03,2,285745365,705,988
21,833865,Cancelled,936,2024-06-17,1,464517223,464,649
22,857504,Blocked,420,2028-03-30,9,836630802,912,618
23,774177,Cancelled,863,2027-11-07,6,525669901,204,738
24,254820,Blocked,390,2025-10-13,7,232210890,402,178
25,553589,Blocked,623,2024-08-13,1,695965841,607,43
26,119804,Expired,894,2028-06-15,6,791820703,485,409
27,986102,Cancelled,589,2026-09-21,2,484219655,305,297
28,695735,Blocked,462,2029-07-22,5,184023826,688,295
29,232180,Active,558,2028-05-26,5,795539999,399,25
30,610086,Cancelled,499,2028-07-07,7,288002697,773,149
31,661618,Active,535,2025-05-28,3,825212449,298,515
32,820731,Blocked,605,2027-10-14,8,170185124,883,302
33,690273,Cancelled,989,2027-11-23,2,599478547,396,838
34,982803,Expired,838,2027-06-09,9,479079808,785,339
35,460276,Cancelled,545,2028-01-10,2,355750831,206,663
36,447587,Active,998,2025-10-23,2,654909192,105,470
37,504039,Blocked,953,2028-02-18,6,917283271,584,448
38,151646,Expired,823,2025-05-03,6,905791438,519,548
39,653379,Blocked,285,2026-01-13,2,449892749,686,754
40,251300,Expired,279,2027-08-11,7,989430507,663,424
41,120804,Cancelled,435,2027-05-10,3,757111520,565,200
42,314727,Blocked,998,2025-06-14,9,840053345,316,310
43,464811,Blocked,998,2025-01-22,10,537802291,745,240
44,339376,Active,672,2029-06-26,10,957756058,136,823
45,798004,Active,554,2024-06-12,7,974072695,267,465
46,775158,Active,447,2025-01-08,10,108544433,414,373
47,780823,Blocked,477,2025-12-31,5,256022141,575,864
48,818814,Expired,915,2025-10-11,9,411839788,269,1000
49,995362,Blocked,613,2030-01-25,7,886481832,634,435
50,930709,Cancelled,903,2028-01-12,9,887000898,875,793
51,593801,Blocked,363,2028-12-07,3,362086520,602,173
52,402581,Expired,507,2030-03-27,6,328568082,41,90
53,199851,Expired,374,2029-01-10,6,687940139,387,864
54,602933,Blocked,585,2026-03-03,10,410286132,191,758
55,501241,Expired,657,2030-05-17,7,217305906,731,589
56,357418,Cancelled,836,2026-09-07,9,311326184,85,3
57,586291,Active,668,2025-03-27,6,916153824,65,175
58,336565,Cancelled,485,2028-12-05,7,501877174,490,905
59,606281,Expired,999,2026-06-27,3,607682717,332,124
60,413033,Cancelled,759,2026-06-06,8,528173628,52,546
61,781922,Active,483,2025-03-28,4,480382074,148,212
62,489943,Active,627,2030-05-15,10,127637486,732,730
63,780131,Cancelled,327,2027-04-05,4,748159020,334,383
64,414024,Cancelled,721,2025-11-13,9,634302713,747,126
65,918762,Expired,563,2028-05-29,7,953575574,759,867
66,356358,Blocked,515,2026-07-31,8,155837648,332,664
67,211544,Active,211,2027-02-22,6,739184500,68,949
68,567528,Cancelled,333,2026-11-25,4,444608195,87,960
69,123187,Cancelled,250,2027-06-26,9,230702098,20,669
70,573134,Active,431,2025-01-03,1,178369750,694,503
71,201916,Blocked,771,2028-12-31,2,516176670,633,526
72,136538,Cancelled,134,2025-08-06,3,815545552,944,14
73,208863,Expired,548,2025-11-16,10,614549834,104,244
74,330981,Blocked,913,2026-12-16,1,841859678,565,834
75,786568,Active,707,2027-10-06,2,438888998,857,704
76,699107,Expired,376,2027-03-12,10,682326853,25,460
77,444810,Active,304,2026-01-13,9,601328346,835,603
78,142152,Active,955,2027-09-13,8,660596061,952,766
79,439346,Expired,538,2029-07-07,10,145231554,815,634
80,994576,Active,364,2026-07-27,1,947029007,751,843
81,173567,Expired,393,2026-03-05,2,387006748,294,268
82,947096,Cancelled,962,2026-09-26,8,512822900,888,544
83,657208,Expired,440,2030-02-04,3,591147836,136,574
84,730142,Blocked,716,2026-07-14,2,649175159,50,900
85,939121,Expired,691,2029-12-20,7,643731803,546,809
86,956134,Expired,605,2027-09-05,2,594332540,829,525
87,451822,Active,531,2027-07-18,4,862703440,202,577
88,458317,Cancelled,802,2029-01-01,5,437917609,502,43
89,121427,Active,853,2027-04-07,7,851496430,816,23
90,692178,Expired,769,2024-11-02,7,236107883,252,231
91,680331,Cancelled,860,2027-03-04,2,736666970,833,811
92,716010,Expired,107,2029-02-27,9,413446418,144,924
93,825173,Cancelled,622,2028-02-12,5,104930357,31,261
94,222576,Expired,958,2029-12-04,3,891419352,701,713
95,283810,Cancelled,517,2027-05-25,1,216125024,871,493
96,658026,Cancelled,389,2028-12-05,4,457110754,256,342
97,493848,Active,820,2028-07-07,5,378993369,449,606
98,329690,Expired,364,2024-10-25,8,989367095,356,445
99,829532,Blocked,764,2025-03-13,9,626304803,703,596
100,909268,Blocked,752,2028-01-19,9,882757542,516,735
101,591812,Active,909,2026-09-30,4,957085776,875,940
102,795392,Active,199,2029-07-06,3,299059063,330,128
103,407936,Expired,444,2025-01-06,4,147940349,493,536
104,265729,Cancelled,800,2028-09-18,9,226804723,500,375
105,643840,Blocked,293,2024-08-09,3,227385576,133,618
106,912013,Blocked,382,2028-07-10,1,200557661,361,804
107,338953,Blocked,152,2027-07-17,8,801856278,225,20
108,457079,Cancelled,477,2026-02-04,10,456469493,307,945
109,351116,Cancelled,298,2027-01-03,10,852609320,658,110
110,209425,Blocked,852,2027-08-28,5,288876438,247,91
111,176432,Active,604,2029-07-20,1,241629252,411,730
112,243554,Active,551,2030-01-12,9,638810514,8,436
113,481008,Active,843,2027-05-30,1,868441719,229,489
114,845502,Expired,497,2029-03-29,1,119112701,71,219
115,225072,Active,414,2026-08-31,2,851020947,339,958
116,244976,Cancelled,950,2025-12-18,6,965691724,360,948
117,885262,Expired,933,2027-02-20,10,916385951,635,513
118,325735,Active,684,2027-08-30,3,368349289,794,479
119,607604,Active,343,2027-04-18,4,626442494,800,472
120,675291,Blocked,346,2026-07-02,5,280182708,810,157
121,672462,Cancelled,775,2025-06-12,2,451652283,322,372
122,171381,Active,350,2028-12-07,9,574292109,826,615
123,858596,Active,920,2028-10-03,1,794615191,955,811
124,614056,Expired,231,2027-07-19,8,614834993,970,25
125,857419,Active,181,2028-07-23,6,168476022,697,884
126,587530,Expired,217,2026-06-01,6,227291136,423,189
127,784255,Expired,801,2030-03-26,8,524771949,482,149
128,693867,Cancelled,684,2025-04-18,1,485553794,570,579
129,882008,Expired,950,2027-08-13,1,794234539,8,361
130,807968,Active,363,2027-08-13,10,678888575,765,355
131,777887,Active,885,2025-01-15,7,406288719,100,116
132,982628,Expired,309,2027-08-04,4,124715754,746,854
133,293354,Expired,945,2028-02-18,7,631015641,708,736
134,377844,Cancelled,148,2028-06-26,2,870049657,619,756
135,937831,Blocked,988,2025-03-14,6,857746260,585,920
136,711771,Active,211,2030-02-12,2,971695498,538,816
137,512955,Blocked,489,2029-01-04,3,691053577,11,169
138,151511,Active,570,2029-11-02,7,704779699,688,540
139,468513,Cancelled,482,2029-12-14,9,705738524,728,555
140,821744,Expired,458,2027-07-30,10,793368515,972,596
141,758181,Cancelled,573,2025-11-17,8,465261281,436,61
142,307383,Expired,635,2028-07-19,1,202889614,195,118
143,482593,Active,486,2025-09-01,1,784438827,933,872
144,748668,Active,843,2027-06-25,10,428361850,260,514
145,973150,Expired,189,2026-11-08,6,805501014,690,124
146,793441,Active,709,2029-06-08,10,752407631,433,285
147,661958,Cancelled,444,2029-10-08,8,888334419,484,519
148,204234,Active,562,2029-04-01,4,176943792,743,409
149,638583,Expired,197,2026-06-22,1,558127266,211,768
150,968328,Cancelled,207,2026-10-20,5,161475910,909,455
151,488858,Blocked,508,2029-10-23,4,367946082,392,712
152,498721,Cancelled,221,2029-08-27,3,954825489,192,416
153,635352,Active,769,2029-04-27,10,591354088,974,203
154,337502,Active,760,2025-02-15,8,624786433,223,566
155,812281,Expired,236,2025-03-12,10,143610053,271,641
156,976557,Blocked,291,2024-11-11,3,737051549,489,543
157,464533,Expired,444,2027-12-31,1,339464659,59,344
158,818962,Expired,794,2024-06-06,8,848261409,404,77
159,827739,Cancelled,998,2025-10-12,7,111612719,453,163
160,510627,Cancelled,496,2025-03-20,9,781169419,871,345
161,963113,Active,487,2025-02-17,4,790476693,4,448
162,429853,Cancelled,331,2029-11-25,5,645510677,634,302
163,722962,Expired,645,2027-04-21,3,599540248,785,32
164,382769,Expired,402,2025-11-11,8,621512513,271,143
165,405111,Expired,745,2028-10-22,9,426498711,191,910
166,369642,Active,299,2028-01-08,1,224147223,432,596
167,659436,Active,233,2029-12-17,5,101066845,614,349
168,618659,Expired,429,2028-02-28,9,772473936,376,513
169,244600,Expired,189,2028-10-20,8,355977955,739,898
170,993456,Expired,202,2029-07-13,10,316130789,117,687
171,597808,Expired,649,2025-05-13,2,384484247,522,697
172,651776,Active,959,2030-01-17,7,921016817,875,128
173,670871,Expired,290,2026-07-14,5,633436693,942,85
174,803961,Expired,211,2030-01-14,7,874957496,289,241
175,470676,Blocked,973,2027-08-31,7,350035439,377,555
176,107513,Expired,589,2028-01-28,9,843910986,174,260
177,833749,Expired,423,2027-03-05,5,369280308,836,691
178,250096,Cancelled,413,2026-08-06,10,758831112,177,181
179,591245,Active,576,2027-10-19,1,420430750,818,452
180,864126,Blocked,776,2026-06-14,7,893634403,269,479
181,720130,Active,175,2027-11-26,6,793330337,247,106
182,759984,Expired,324,2026-08-09,5,538642419,74,694
183,171185,Expired,408,2025-09-05,1,630199129,212,376
184,229455,Cancelled,268,2025-03-17,10,724504529,685,331
185,280874,Blocked,993,2024-12-20,10,981674358,367,89
186,615371,Cancelled,153,2026-12-10,7,858923301,226,821
187,875031,Cancelled,700,2029-11-25,1,460261662,122,522
188,312484,Cancelled,394,2027-02-03,1,150008707,716,281
189,502834,Expired,757,2025-12-05,7,125087529,568,891
190,331787,Blocked,155,2026-12-23,4,675067529,440,964
191,308243,Expired,321,2029-04-08,4,127105807,879,804
192,983147,Expired,333,2025-07-24,6,849926270,562,906
193,371574,Expired,242,2024-05-21,7,809858985,23,577
194,568124,Active,732,2025-11-25,1,463912791,902,938
195,371581,Expired,604,2029-01-31,5,780164665,444,937
196,794300,Blocked,350,2027-01-12,3,648835162,356,631
197,950263,Blocked,269,2028-02-29,6,213973769,453,466
198,349068,Expired,857,2024-09-04,10,985969193,626,636
199,390276,Active,274,2029-11-30,2,936329675,23,325
200,561157,Cancelled,440,2027-01-25,3,672368114,245,617
201,121183,Active,781,2029-03-24,2,594099040,6,981
202,223830,Expired,645,2027-01-30,8,359005316,90,769
203,570463,Blocked,561,2029-10-05,7,729279593,316,462
204,540354,Active,894,2025-12-24,2,409731063,552,701
205,475589,Expired,413,2025-01-07,3,661159013,950,653
206,930716,Expired,610,2028-03-21,9,382329323,209,264
207,944216,Blocked,960,2028-03-21,5,630362316,627,546
208,227250,Cancelled,620,2028-10-20,10,949840405,14,382
209,636489,Active,275,2024-08-06,4,434873933,946,975
210,231721,Blocked,499,2029-11-03,3,840695031,903,318
211,292378,Expired,452,2025-04-09,8,278969242,264,696
212,898665,Active,291,2028-07-07,6,909915368,291,161
213,293762,Expired,318,2028-07-21,1,735933820,164,12
214,140651,Blocked,181,2025-07-24,2,851099576,105,235
215,197809,Expired,231,2025-02-13,1,842332243,603,978
216,866884,Cancelled,211,2030-01-12,6,145576088,458,25
217,585257,Cancelled,827,2028-11-24,10,193082779,410,657
218,902833,Expired,476,2027-11-30,6,200324258,551,385
219,554571,Active,167,2029-11-15,6,175957001,25,989
220,354636,Active,173,2027-10-16,4,818559177,595,251
221,592116,Active,592,2027-04-26,1,577608995,625,460
222,452895,Blocked,546,2028-12-02,9,335656208,69,590
223,291407,Active,489,2029-06-11,3,949415039,514,730
224,142917,Active,931,2030-03-27,10,276102983,24,518
225,288825,Expired,227,2028-03-19,3,161021898,922,847
226,333317,Expired,500,2025-11-18,5,306427077,517,735
227,949614,Active,540,2025-07-19,4,707154058,163,342
228,861524,Expired,541,2024-11-23,3,895156129,1,829
229,162868,Blocked,849,2029-10-18,6,898072052,896,475
230,157659,Blocked,368,2027-08-22,6,104919773,360,253
231,478153,Active,322,2025-08-27,4,736081260,913,763
232,885030,Expired,568,2026-03-13,10,578930557,959,308
233,565479,Expired,111,2024-06-28,3,850416003,874,783
234,546616,Cancelled,296,2028-12-15,10,132316481,851,785
235,528660,Blocked,731,2025-03-05,7,979128886,123,474
236,115495,Blocked,223,2028-12-12,1,162267813,358,372
237,524283,Blocked,690,2025-09-06,4,108131618,582,384
238,619631,Blocked,144,2025-06-22,8,764514073,52,584
239,151754,Active,210,2026-05-31,3,529934544,951,414
240,830644,Expired,117,2026-12-18,4,338494628,481,392
241,597948,Expired,859,2027-06-08,1,537575120,334,407
242,292151,Blocked,840,2024-07-26,4,727475272,651,633
243,143330,Active,710,2028-07-30,9,268370904,779,257
244,588225,Blocked,200,2025-08-27,4,197205892,422,264
245,688554,Active,721,2027-09-30,3,191657385,954,584
246,495926,Blocked,876,2029-05-22,7,581521962,471,94
247,722164,Expired,543,2025-08-30,1,903997344,12,800
248,361759,Active,106,2027-08-03,9,862044095,730,202
249,536166,Blocked,812,2027-05-23,3,865966520,630,176
250,508357,Blocked,530,2029-01-09,1,308564387,846,401
251,836392,Blocked,267,2027-07-07,2,640484884,530,40
252,521622,Expired,151,2024-05-24,10,600014412,890,983
253,208050,Blocked,519,2025-12-22,10,563563472,48,462
254,680252,Active,852,2027-12-08,7,583670843,592,870
255,501863,Blocked,747,2026-06-09,5,434563347,265,829
256,460609,Expired,788,2029-12-01,4,880398880,307,408
257,874706,Blocked,113,2029-11-17,10,648691933,124,322
258,684951,Cancelled,827,2028-11-30,7,610488114,331,511
259,745855,Cancelled,888,2029-03-19,7,395029014,266,574
260,334684,Expired,798,2026-06-27,2,854338953,177,769
261,980645,Cancelled,833,2026-11-15,1,427608829,188,865
262,349706,Expired,787,2029-11-23,5,101566542,733,250
263,187539,Blocked,749,2025-02-07,7,497926966,73,629
264,746941,Expired,587,2025-06-06,3,388975734,655,177
265,189309,Cancelled,836,2027-06-24,9,771640000,419,697
266,731554,Active,770,2028-12-08,6,415539328,32,808
267,778065,Expired,354,2028-09-06,9,388020327,207,412
268,122825,Cancelled,945,2028-04-18,3,779311120,323,535
269,988942,Blocked,710,2025-09-23,6,875104510,431,547
270,750855,Expired,749,2029-03-17,8,969640548,690,853
271,811270,Expired,190,2027-06-23,1,134239458,68,339
272,239848,Expired,546,2025-04-16,5,439816322,952,127
273,196478,Cancelled,894,2026-11-04,2,468218794,324,55
274,377297,Blocked,429,2026-04-02,1,842975698,344,299
275,780212,Expired,592,2026-05-03,3,781011262,160,104
276,407117,Cancelled,808,2028-11-15,6,640760898,213,971
277,972099,Active,634,2029-02-23,7,208086213,869,730
278,185528,Blocked,883,2026-03-03,7,884819747,683,155
279,621742,Active,163,2024-06-29,10,186995375,949,467
280,262156,Expired,951,2029-09-23,5,691564826,455,19
281,212559,Active,868,2025-04-05,2,782898165,338,586
282,966108,Expired,782,2025-12-03,3,410039946,101,571
283,229104,Blocked,711,2027-03-15,1,817507019,587,173
284,876157,Blocked,719,2026-07-26,1,798616865,325,14
285,143993,Cancelled,896,2029-09-09,3,459495374,410,551
286,191173,Cancelled,294,2025-04-29,2,460613913,379,74
287,304093,Blocked,356,2026-02-20,2,967175518,107,53
288,576877,Active,798,2029-09-28,6,842107590,588,423
289,776969,Expired,704,2024-09-13,7,689334193,968,308
290,690401,Blocked,256,2027-07-06,1,885436578,103,612
291,109561,Blocked,406,2025-08-27,6,519784998,84,262
292,920713,Blocked,975,2024-09-26,4,981580354,550,522
293,124826,Active,979,2027-08-31,1,659936558,688,267
294,801988,Expired,882,2030-01-09,7,799947534,960,986
295,568328,Active,639,2029-12-26,4,930486029,292,484
296,431765,Cancelled,719,2028-03-13,3,522391078,912,781
297,526272,Cancelled,121,2024-11-16,5,228705325,961,764
298,968825,Active,943,2028-03-04,7,407359771,136,301
299,783595,Expired,748,2027-01-31,7,551172902,223,877
300,641870,Blocked,154,2026-04-12,8,979341116,717,982
301,370921,Expired,244,2025-04-02,2,468389323,563,64
302,406284,Expired,308,2029-10-29,7,562334499,731,679
303,508784,Cancelled,620,2025-09-02,9,285688425,495,594
304,368670,Expired,758,2030-01-16,8,940294775,711,255
305,772688,Active,605,2027-04-26,4,848206695,578,586
306,153877,Blocked,864,2027-06-25,5,435889632,945,199
307,552749,Active,736,2029-01-20,6,752053706,863,378
308,273675,Blocked,672,2027-03-09,9,291156299,330,216
309,510076,Expired,534,2030-01-05,6,371595870,801,257
310,953792,Cancelled,336,2027-07-11,2,671226228,444,829
311,792494,Cancelled,378,2028-10-05,6,174139477,585,306
312,467772,Expired,765,2030-02-18,9,398844437,713,799
313,164659,Cancelled,153,2030-03-29,9,523625990,441,737
314,119204,Blocked,840,2024-11-28,5,225054466,909,644
315,525658,Active,721,2029-09-30,4,675454500,410,119
316,571045,Expired,396,2025-07-08,8,574590652,312,561
317,870361,Active,552,2025-01-02,9,426702222,39,191
318,234292,Cancelled,803,2026-04-22,1,595880941,404,993
319,510377,Cancelled,819,2026-03-30,7,807604862,751,816
320,389592,Active,285,2025-03-14,8,736326462,462,492
321,309939,Cancelled,650,2028-02-06,8,108456178,448,52
322,277633,Cancelled,915,2029-11-27,10,624795410,263,510
323,489536,Cancelled,329,2025-10-03,7,859952025,222,613
324,435497,Active,103,2027-01-25,8,114405863,153,363
325,917076,Active,270,2028-11-13,4,267863641,525,747
326,711085,Expired,400,2025-08-10,7,313311752,723,36
327,524028,Blocked,233,2025-02-06,1,452149959,628,990
328,253525,Expired,905,2026-11-21,4,557543674,143,380
329,456321,Expired,137,2029-12-28,1,477938650,835,559
330,822053,Cancelled,187,2027-01-11,3,446156713,129,834
331,708110,Active,670,2028-07-28,9,316006564,470,516
332,552880,Expired,962,2025-01-28,3,624091087,941,603
333,910955,Expired,864,2029-10-28,10,516922310,273,107
334,861845,Cancelled,942,2028-09-02,8,450217134,946,202
335,803887,Cancelled,798,2025-02-14,8,602716145,159,883
336,605172,Blocked,235,2026-07-24,1,209507498,632,152
337,722127,Expired,562,2027-12-31,4,829339818,168,133
338,375108,Blocked,425,2027-02-07,4,339220297,150,365
339,348972,Blocked,122,2027-02-25,6,806769962,392,410
340,354585,Active,153,2026-10-15,3,183256004,646,306
341,758361,Cancelled,682,2024-12-20,2,781782531,429,982
342,630584,Active,830,2027-03-27,5,344209343,367,676
343,915186,Active,369,2025-03-10,10,558272916,418,609
344,351150,Blocked,877,2026-10-30,4,942621171,789,902
345,912607,Blocked,561,2028-10-16,6,391227157,548,257
346,460438,Blocked,174,2026-06-20,10,311817998,454,940
347,979495,Expired,322,2024-08-08,7,104645249,894,61
348,295805,Cancelled,478,2029-08-07,10,942943517,398,820
349,122200,Cancelled,678,2027-05-26,2,974958343,70,118
350,836079,Active,548,2028-10-05,4,528345088,81,534
351,726710,Expired,732,2026-09-06,5,427920649,626,562
352,563736,Cancelled,600,2025-09-07,6,282126943,664,986
353,445843,Blocked,229,2029-01-05,3,761350078,602,664
354,561091,Blocked,465,2026-11-13,9,953308920,186,240
355,525270,Expired,869,2026-03-03,10,419999643,279,943
356,731820,Expired,263,2029-02-10,4,928903335,338,481
357,358283,Blocked,195,2026-10-22,9,590766138,1000,185
358,174848,Blocked,164,2029-01-11,5,884715514,496,829
359,763699,Expired,741,2026-09-10,2,145018503,707,387
360,603492,Expired,836,2030-03-12,9,474201259,850,618
361,682919,Cancelled,416,2030-05-10,8,159248553,384,305
362,690071,Blocked,270,2027-12-11,2,293697520,278,799
363,597467,Blocked,550,2026-08-14,10,969809654,422,885
364,942816,Cancelled,579,2024-08-03,3,345535313,593,172
365,352697,Blocked,201,2027-11-09,2,666084501,476,887
366,132400,Blocked,787,2024-07-04,6,175815639,759,260
367,341871,Cancelled,459,2025-09-17,3,385693736,591,178
368,217551,Blocked,162,2025-01-09,1,181952834,14,517
369,730246,Expired,189,2025-01-23,5,190758356,750,810
370,618131,Blocked,513,2025-02-12,6,547038235,186,881
371,242930,Cancelled,617,2025-06-02,1,572521126,172,67
372,812081,Expired,771,2028-01-26,5,221431972,511,730
373,835569,Expired,869,2028-06-27,2,752974891,230,581
374,779294,Blocked,159,2026-05-31,1,131939112,523,691
375,602483,Cancelled,906,2026-06-21,2,987514548,372,760
376,199893,Cancelled,918,2025-07-14,8,128203882,224,661
377,235962,Active,479,2026-02-27,8,381142078,407,610
378,336372,Active,123,2024-12-01,8,268366284,906,378
379,675017,Cancelled,523,2025-01-14,5,427062121,873,557
380,594296,Cancelled,265,2026-10-14,7,195207733,684,316
381,494671,Blocked,303,2028-12-20,7,138258961,638,85
382,889872,Expired,420,2027-01-09,6,448000815,431,893
383,517499,Active,649,2029-01-07,1,633218532,66,36
384,916919,Expired,819,2025-05-19,8,180766570,289,780
385,189144,Active,313,2024-06-08,10,152034087,345,278
386,681265,Expired,255,2029-01-30,2,499965979,88,282
387,863399,Expired,462,2028-05-15,8,552305982,30,159
388,646053,Cancelled,457,2025-05-04,6,402055769,222,752
389,446636,Expired,291,2026-10-12,9,949521202,313,242
390,446299,Blocked,502,2027-05-10,6,586891998,608,473
391,178485,Expired,174,2030-04-25,10,580690982,329,627
392,924991,Active,307,2025-12-10,5,249670869,120,278
393,479252,Expired,194,2030-02-14,1,368386949,28,953
394,895116,Cancelled,398,2029-11-16,8,403852296,891,791
395,715261,Cancelled,855,2029-11-30,5,203000567,903,820
396,731200,Blocked,360,2024-12-23,10,239408832,832,136
397,185461,Blocked,640,2027-12-24,1,163669714,855,743
398,247117,Expired,524,2029-05-08,9,699270670,320,407
399,687123,Active,476,2029-05-09,9,577190038,931,540
400,832817,Cancelled,238,2026-01-10,10,747818546,798,973
401,250846,Blocked,425,2024-07-22,4,543822254,625,993
402,436061,Blocked,596,2025-01-25,2,310652310,279,707
403,739804,Cancelled,746,2024-10-20,3,543492544,728,433
404,692023,Expired,581,2025-03-31,9,334940420,612,195
405,215073,Blocked,974,2025-06-22,7,301815779,213,560
406,476705,Cancelled,607,2024-07-22,6,539370053,888,342
407,311727,Active,937,2028-01-18,3,474247386,139,672
408,914566,Cancelled,254,2030-01-02,6,904517438,956,166
409,534652,Cancelled,257,2028-10-03,9,400280749,586,704
410,930326,Expired,874,2030-02-10,6,951439766,528,210
411,424895,Expired,398,2028-03-24,3,589587484,292,451
412,128730,Blocked,888,2028-08-05,10,453372069,200,749
413,942415,Active,838,2026-07-22,6,387939646,215,845
414,948622,Cancelled,917,2027-10-11,10,241442624,987,924
415,440518,Active,476,2025-02-01,3,571698497,109,622
416,917280,Cancelled,228,2027-02-06,7,224045508,490,283
417,218468,Active,196,2027-10-05,7,751977825,491,10
418,342203,Blocked,970,2024-11-10,1,333511216,719,898
419,806438,Active,909,2029-01-16,9,355185833,782,976
420,898895,Expired,872,2026-11-24,1,747805360,942,890
421,153365,Expired,510,2028-06-13,7,936984712,189,732
422,651535,Cancelled,749,2030-02-18,10,437772301,443,584
423,489478,Blocked,672,2025-10-18,3,172379986,697,52
424,941803,Cancelled,713,2027-09-19,10,472463136,995,124
425,794209,Blocked,816,2026-07-02,10,442695885,264,204
426,457475,Expired,500,2026-09-21,2,539092205,337,133
427,501654,Cancelled,791,2027-11-19,6,233630472,98,818
428,309165,Expired,328,2026-08-29,8,371785718,374,682
429,442849,Expired,364,2026-10-04,10,502467046,365,959
430,425145,Blocked,739,2026-11-05,1,937997503,364,847
431,407653,Expired,693,2026-02-07,3,198485586,455,449
432,394904,Active,514,2024-07-04,7,699298290,94,358
433,168990,Blocked,211,2029-07-30,10,608379602,715,882
434,382030,Active,653,2028-01-08,4,908337065,138,440
435,916039,Blocked,408,2026-12-24,5,783839700,537,253
436,598738,Active,964,2028-05-16,8,520042964,703,696
437,605047,Blocked,757,2028-07-23,5,952570405,861,907
438,757045,Blocked,785,2024-05-20,10,227903470,895,948
439,445715,Blocked,827,2025-08-25,10,675488069,946,347
440,971330,Expired,829,2026-09-11,9,336849465,513,593
441,933555,Active,189,2025-07-11,3,160933744,998,93
442,757324,Blocked,822,2029-08-31,1,868599404,834,769
443,473195,Active,405,2026-03-06,4,255443414,898,976
444,388410,Active,978,2028-05-24,6,988447171,63,476
445,447797,Cancelled,726,2028-05-22,8,723064808,199,975
446,571464,Active,278,2026-06-03,5,808276665,662,541
447,119400,Active,967,2030-04-20,5,267069296,771,90
448,240563,Blocked,979,2028-03-06,3,152537850,715,759
449,295210,Expired,765,2027-12-27,3,215351232,628,194
450,137455,Cancelled,274,2028-06-26,6,505890189,521,181
451,925598,Expired,723,2026-12-08,4,175392768,764,453
452,695138,Active,598,2028-12-16,4,925341093,886,765
453,765745,Expired,438,2027-04-07,3,904742640,782,166
454,312836,Cancelled,570,2028-04-25,6,373905408,111,300
455,578122,Active,172,2029-08-05,7,499572868,376,693
456,321197,Active,462,2024-08-28,10,296202653,474,188
457,862292,Cancelled,648,2025-02-19,10,620975257,527,20
458,908571,Blocked,901,2027-12-23,9,695279976,444,513
459,202851,Expired,616,2026-02-10,6,926538061,999,802
460,296570,Active,664,2026-02-28,2,612926107,23,614
461,199646,Blocked,444,2029-10-30,1,947764315,656,794
462,967579,Blocked,624,2025-10-21,8,909924057,145,130
463,248377,Expired,185,2029-01-16,4,831070779,658,365
464,570428,Active,137,2025-05-30,3,764883318,782,76
465,852048,Blocked,352,2030-02-12,4,964093566,958,247
466,973582,Blocked,191,2028-08-25,1,643955249,650,712
467,100062,Active,930,2025-06-03,3,934944693,390,578
468,960147,Blocked,719,2024-11-20,3,682259929,801,109
469,491184,Blocked,822,2024-10-25,4,479257260,532,123
470,258514,Active,404,2028-09-02,9,552956600,246,597
471,764440,Active,951,2028-05-26,9,937365559,222,574
472,511176,Cancelled,573,2026-05-13,9,709510000,130,668
473,780719,Expired,317,2024-06-24,10,964256214,754,434
474,233342,Active,609,2028-12-16,2,344137928,642,255
475,318082,Blocked,418,2027-06-28,8,276927768,472,452
476,477361,Cancelled,422,2027-02-04,2,774659823,214,800
477,977471,Cancelled,524,2024-12-25,6,565330472,92,503
478,956235,Active,727,2029-11-18,5,337790558,793,200
479,670104,Cancelled,205,2025-01-23,8,716559673,676,80
480,287812,Cancelled,704,2027-03-12,8,803541291,630,855
481,111759,Blocked,411,2028-04-17,3,737956834,917,855
482,508170,Active,584,2026-05-08,10,488343936,57,43
483,181390,Blocked,975,2029-01-12,1,181807952,670,253
484,712702,Cancelled,766,2028-01-07,8,823549979,324,218
485,913318,Active,904,2025-05-29,8,422232240,780,274
486,712529,Active,426,2028-01-24,7,867504120,604,894
487,351748,Expired,962,2026-11-17,6,781257228,986,984
488,636909,Expired,911,2026-04-22,1,468821422,67,183
489,803374,Active,585,2029-09-20,7,666452873,454,464
490,306471,Cancelled,954,2028-12-20,1,649355171,823,915
491,126733,Cancelled,543,2028-12-26,9,951087174,161,517
492,249901,Expired,149,2027-04-01,1,795200155,651,670
493,536849,Blocked,442,2024-10-06,3,552255678,418,780
494,996631,Active,648,2026-07-14,4,323058299,16,823
495,972129,Blocked,864,2028-08-07,5,862791705,554,549
496,184199,Blocked,636,2030-02-16,6,923341762,354,961
497,396859,Cancelled,126,2027-07-02,8,194474462,749,722
498,830576,Expired,792,2026-07-07,1,577914482,824,540
499,160774,Active,933,2024-08-01,9,704468180,294,468
500,106467,Blocked,203,2026-11-13,1,235944568,198,715
501,900604,Active,129,2030-03-13,8,835596945,336,960
502,780388,Expired,978,2025-02-23,5,167759923,51,399
503,767706,Active,807,2025-05-09,5,159508469,37,106
504,572186,Blocked,741,2024-07-17,1,892789018,724,388
505,720395,Blocked,714,2024-06-06,5,884937986,952,245
506,132802,Cancelled,931,2029-06-15,7,375004750,500,588
507,310584,Blocked,179,2028-11-24,5,943523379,350,952
508,103870,Blocked,668,2028-07-31,6,239176322,64,90
509,682059,Expired,836,2025-02-13,3,804536516,839,140
510,443518,Active,597,2028-06-29,4,864698789,303,933
511,248249,Active,130,2026-11-07,5,557857199,983,747
512,533179,Active,949,2024-06-03,5,516804143,27,380
513,137488,Active,341,2026-11-26,7,151782668,40,822
514,181250,Expired,346,2027-10-26,8,222560954,390,856
515,144815,Cancelled,244,2025-05-06,10,231073721,999,160
516,413185,Blocked,678,2024-07-20,9,895442038,678,947
517,944493,Cancelled,191,2028-02-28,4,878201253,637,26
518,288657,Cancelled,748,2026-02-10,7,611052396,509,819
519,769832,Expired,605,2028-08-30,8,219964840,286,626
520,874110,Blocked,577,2026-08-11,10,270518577,265,394
521,105082,Cancelled,526,2027-04-01,4,983002496,490,968
522,222319,Blocked,571,2026-04-06,4,334155443,740,299
523,807259,Expired,844,2027-03-07,2,956990286,379,285
524,936010,Blocked,229,2027-09-24,1,539200694,216,642
525,529368,Cancelled,372,2025-09-25,6,933101222,441,489
526,735229,Blocked,266,2028-05-04,6,529817037,456,752
527,754882,Cancelled,301,2027-01-03,7,939778678,143,700
528,702923,Blocked,307,2030-03-03,9,615814089,744,6
529,734258,Cancelled,188,2025-07-20,3,241800882,509,137
530,889032,Active,124,2030-04-14,1,311849167,262,43
531,840163,Active,717,2029-05-12,5,344510367,302,227
532,518192,Expired,742,2026-06-30,4,814842180,457,627
533,742704,Blocked,900,2026-01-01,4,212433468,456,347
534,747719,Active,476,2025-07-30,4,328588236,576,442
535,525382,Expired,360,2026-11-30,8,549550877,471,711
536,867708,Cancelled,188,2027-06-05,5,269361268,403,169
537,903664,Active,572,2027-03-14,5,894497483,605,802
538,461230,Blocked,113,2028-08-05,6,204844095,367,359
539,935961,Cancelled,371,2025-08-15,4,628896602,813,133
540,242223,Blocked,690,2026-01-05,8,697513889,551,330
541,340096,Blocked,774,2025-01-16,5,927625930,645,11
542,228595,Blocked,740,2024-09-27,2,453821139,284,821
543,336218,Blocked,820,2026-03-01,4,564610306,180,898
544,841741,Cancelled,864,2024-08-10,5,659288555,36,774
545,882131,Blocked,616,2027-07-09,9,379275821,267,410
546,934371,Active,519,2025-07-02,5,189936253,595,717
547,598992,Expired,698,2024-09-02,10,532771959,957,368
548,883199,Cancelled,522,2025-01-29,2,894911963,209,724
549,302288,Blocked,672,2029-11-17,7,434307736,420,5
550,782452,Active,883,2024-10-21,2,743327805,960,510
551,819914,Active,690,2029-01-11,10,752882408,368,787
552,994495,Blocked,630,2024-09-27,9,610086336,976,182
553,537561,Expired,164,2028-11-09,1,442088076,668,634
554,723663,Blocked,520,2027-06-02,4,373146381,340,647
555,876327,Active,818,2026-04-30,3,859832145,691,714
556,406055,Blocked,351,2024-11-25,1,207598808,592,620
557,836841,Expired,797,2025-03-27,2,566330697,828,246
558,137182,Expired,693,2029-04-08,8,216041562,740,827
559,176422,Blocked,767,2029-08-26,5,128971661,899,919
560,556045,Blocked,180,2029-04-12,9,276328529,519,360
561,913919,Blocked,473,2028-03-04,7,696029038,449,489
562,452105,Blocked,447,2025-03-13,1,515893204,482,600
563,726063,Active,268,2029-11-26,7,625398863,527,418
564,978289,Blocked,961,2024-07-13,4,237985761,482,519
565,651590,Cancelled,988,2025-09-24,7,697500982,866,954
566,915269,Cancelled,511,2028-03-06,1,592813775,41,666
567,137346,Expired,640,2027-05-12,10,463541226,106,582
568,279051,Cancelled,209,2026-12-04,9,860918896,782,309
569,603800,Active,508,2028-04-13,5,564412004,407,596
570,953749,Active,442,2030-05-12,1,888401021,446,673
571,404953,Expired,385,2024-12-16,6,459992441,730,694
572,801453,Expired,293,2024-10-05,9,708196204,72,847
573,568163,Blocked,936,2025-03-06,10,835726745,931,212
574,268328,Cancelled,713,2026-06-23,8,229736663,824,622
575,271380,Active,917,2028-12-29,8,248230023,964,317
576,717888,Active,769,2027-12-12,2,936755048,639,495
577,759605,Blocked,386,2027-01-04,7,137801290,605,141
578,331872,Blocked,499,2026-09-15,9,746757227,138,799
579,258244,Cancelled,789,2027-02-27,2,503970207,828,368
580,615752,Cancelled,100,2028-02-24,8,310174490,257,351
581,410261,Expired,889,2024-10-17,6,619036900,402,906
582,515042,Expired,336,2027-06-10,1,472470667,230,563
583,375901,Blocked,718,2027-11-03,3,177613457,605,38
584,975251,Expired,490,2026-06-09,6,945334352,548,389
585,878823,Expired,713,2027-07-05,6,219436709,174,980
586,800626,Active,469,2029-11-30,8,583121074,122,953
587,759977,Active,977,2025-12-16,1,868343457,385,851
588,899882,Active,530,2030-02-20,2,359081115,991,265
589,420973,Expired,758,2025-10-19,9,321176811,185,341
590,114281,Expired,108,2030-01-19,8,276206840,698,981
591,629469,Cancelled,316,2029-05-27,9,879075505,83,480
592,713578,Cancelled,904,2024-10-03,3,433511465,92,979
593,503890,Active,477,2027-12-05,8,373463086,636,822
594,104307,Expired,792,2028-03-11,5,110996100,802,973
595,958153,Blocked,874,2030-03-28,10,907151700,565,711
596,988949,Expired,769,2024-12-12,6,456449208,210,593
597,224532,Active,422,2030-02-11,9,511871372,343,233
598,286123,Cancelled,461,2028-04-20,8,823809080,836,974
599,664031,Active,358,2024-08-17,8,647679944,878,31
600,415617,Active,597,2026-04-25,1,497421512,685,352
601,417411,Active,410,2024-08-26,2,949746294,755,917
602,552418,Active,706,2025-06-07,3,172461169,362,642
603,469677,Cancelled,155,2030-05-03,9,997901035,203,187
604,668316,Cancelled,835,2029-08-09,3,326709867,314,996
605,604467,Blocked,263,2028-09-06,9,501861492,664,165
606,565082,Expired,958,2030-05-04,9,678850701,962,651
607,345470,Blocked,912,2027-08-25,1,319214894,997,154
608,178693,Expired,435,2025-03-16,2,191000259,943,48
609,676811,Active,882,2030-05-08,5,585395812,527,614
610,754962,Active,887,2026-10-09,7,394164541,621,308
611,138148,Active,350,2025-08-25,7,544108214,476,387
612,829303,Blocked,207,2025-05-15,4,328930885,793,501
613,855117,Blocked,543,2026-12-26,6,296478624,87,433
614,195218,Cancelled,766,2027-06-28,9,332768147,119,533
615,719737,Blocked,714,2030-02-04,4,960406097,352,628
616,560518,Blocked,959,2028-08-02,6,754537478,251,312
617,803450,Active,905,2024-12-30,2,501977636,375,555
618,366500,Cancelled,884,2025-06-09,3,911258152,628,111
619,840475,Expired,911,2026-04-10,2,787872734,190,100
620,995965,Cancelled,894,2027-11-22,1,204357430,954,142
621,748427,Cancelled,213,2026-03-19,9,589931834,438,32
622,342945,Blocked,323,2027-02-15,9,322875775,527,454
623,665709,Blocked,676,2030-01-19,5,193743457,613,58
624,643950,Active,573,2025-01-30,9,743223971,437,414
625,813012,Blocked,524,2029-04-08,9,359160471,227,699
626,713476,Expired,574,2026-11-27,6,242959069,338,25
627,140634,Active,435,2026-02-10,1,761958569,238,536
628,646965,Active,199,2026-08-12,5,170997175,806,725
629,421648,Blocked,435,2027-08-08,9,814556272,545,770
630,876543,Cancelled,101,2028-03-30,7,309355450,951,822
631,155383,Cancelled,224,2029-12-22,4,239895020,436,176
632,752921,Cancelled,557,2025-03-30,8,165312391,288,799
633,282653,Expired,235,2027-07-06,10,461335468,750,552
634,108108,Cancelled,474,2027-03-19,10,865335222,833,772
635,996766,Active,719,2029-08-19,6,405653523,344,399
636,682713,Expired,803,2024-10-15,2,154097720,857,493
637,812300,Expired,887,2026-06-08,7,377991361,843,370
638,135096,Expired,135,2027-07-09,5,287483522,906,389
639,189704,Cancelled,568,2028-08-03,8,793731292,194,815
640,572592,Cancelled,699,2024-10-15,2,295728443,194,643
641,102554,Blocked,932,2027-10-25,3,298435416,470,909
642,614752,Blocked,854,2030-05-02,8,211922851,342,786
643,284915,Blocked,595,2027-07-06,1,644471710,652,887
644,940705,Expired,444,2025-08-17,1,490743343,972,593
645,470515,Active,305,2028-11-13,10,282193935,45,508
646,367864,Cancelled,613,2028-02-08,8,659216329,226,726
647,425101,Cancelled,469,2025-10-29,7,518255528,901,816
648,887247,Active,593,2027-06-20,4,622995667,964,370
649,694459,Blocked,226,2030-01-30,7,986253773,348,180
650,408427,Active,310,2026-12-16,10,398516151,616,609
651,531467,Expired,605,2025-12-05,4,937930624,29,380
652,745934,Expired,654,2029-08-05,1,754402183,497,629
653,309514,Cancelled,937,2026-12-15,1,552763856,733,904
654,480784,Expired,979,2027-05-17,1,675809063,28,55
655,172850,Blocked,651,2025-02-12,3,137017693,238,629
656,694502,Blocked,443,2028-07-24,6,874401315,251,109
657,492390,Active,676,2027-09-10,3,278351001,522,827
658,331072,Blocked,409,2025-10-03,8,677568622,361,146
659,846593,Cancelled,788,2026-03-29,3,199986472,828,809
660,802117,Active,140,2027-04-09,9,669548132,360,576
661,326920,Active,312,2025-02-01,6,415425150,829,148
662,226669,Active,674,2026-09-29,8,525484741,659,556
663,416705,Active,482,2025-10-28,3,339165634,264,400
664,648228,Active,184,2029-12-24,4,372552270,615,75
665,617431,Cancelled,836,2025-09-26,3,293272689,122,529
666,166217,Active,661,2026-02-11,6,283243246,927,217
667,330367,Blocked,345,2026-10-01,9,645606315,884,51
668,303954,Cancelled,405,2029-09-09,10,815731648,281,255
669,881165,Blocked,642,2025-06-14,3,526539015,720,672
670,600363,Active,777,2029-05-04,10,464644342,926,999
671,292228,Active,638,2029-01-02,10,481764070,774,490
672,284040,Blocked,465,2024-09-25,7,950406391,488,236
673,123854,Blocked,798,2024-11-03,1,918351753,795,479
674,225801,Blocked,352,2029-11-13,7,196947580,542,566
675,854670,Active,596,2029-01-16,3,991826808,597,93
676,828143,Blocked,750,2028-02-09,10,806636202,188,517
677,459148,Blocked,984,2025-10-02,7,997626185,778,109
678,638240,Expired,572,2028-12-20,2,461764813,412,97
679,641628,Active,672,2029-06-18,3,661208811,550,176
680,876864,Active,699,2025-04-02,9,247868126,466,290
681,697590,Blocked,683,2027-05-10,6,399686491,321,989
682,879437,Active,780,2029-02-12,4,374024927,618,10
683,770260,Active,386,2024-07-31,8,120294469,445,430
684,245431,Blocked,993,2027-08-14,3,310942848,824,259
685,876056,Blocked,499,2027-06-21,3,350356561,961,696
686,979303,Active,349,2027-04-12,6,642266313,560,510
687,916459,Blocked,396,2026-02-20,8,894135162,462,928
688,692028,Active,633,2027-12-31,2,481495703,811,466
689,650627,Blocked,728,2026-03-20,5,382229494,407,675
690,818164,Cancelled,481,2028-03-26,7,139805167,320,934
691,920406,Expired,930,2026-08-09,6,517192321,647,185
692,627169,Blocked,481,2026-12-26,2,195251191,422,886
693,304355,Cancelled,317,2024-08-25,8,783091064,282,651
694,491163,Cancelled,881,2030-04-29,1,291180227,706,913
695,863841,Cancelled,663,2028-02-26,3,550493137,702,955
696,337386,Cancelled,711,2027-02-28,10,308218189,847,491
697,398336,Cancelled,316,2025-10-26,1,234751584,649,230
698,328806,Cancelled,827,2026-12-15,4,275298110,347,134
699,639811,Active,226,2029-06-25,9,136503278,230,574
700,389608,Expired,766,2028-11-29,1,462698713,808,711
701,429457,Blocked,824,2026-08-09,7,400657183,173,953
702,144933,Blocked,455,2025-09-01,1,486185262,513,581
703,843373,Active,451,2030-03-02,9,443304248,598,358
704,522223,Active,415,2027-12-25,8,979230994,617,420
705,314885,Expired,772,2027-06-05,1,482228058,190,800
706,678912,Active,311,2027-09-13,4,303483001,583,858
707,653482,Blocked,928,2028-11-10,3,790903772,819,785
708,167000,Cancelled,323,2027-11-06,7,303434872,57,211
709,430063,Active,746,2026-11-30,8,436139089,199,946
710,694424,Cancelled,222,2030-02-12,4,395305820,752,773
711,595320,Active,456,2026-08-14,6,237138929,14,297
712,326769,Blocked,873,2025-03-25,3,105858295,418,467
713,147949,Cancelled,196,2028-06-01,3,146022162,620,110
714,837704,Cancelled,139,2025-08-14,8,656170901,549,924
715,190982,Active,600,2028-06-05,10,204287238,6,40
716,916519,Active,209,2029-07-25,6,681432502,129,970
717,851211,Blocked,968,2029-11-11,3,565221788,451,23
718,875157,Cancelled,233,2026-01-27,3,213025974,52,569
719,322162,Blocked,737,2029-04-06,8,922071483,232,533
720,349779,Expired,591,2026-01-27,9,816687692,500,870
721,558330,Expired,189,2024-07-04,7,705795793,645,19
722,517251,Blocked,674,2025-07-21,6,823428224,984,672
723,426790,Expired,989,2027-08-10,3,616647612,741,432
724,414840,Active,485,2027-06-05,5,240896465,181,615
725,981206,Expired,177,2024-12-13,10,824978075,836,495
726,774696,Blocked,288,2029-08-16,4,759411110,81,544
727,323125,Cancelled,179,2026-07-06,9,709978234,617,111
728,409439,Expired,351,2026-12-31,6,702358697,350,366
729,705397,Cancelled,252,2028-08-30,5,929335146,884,547
730,296447,Expired,459,2029-02-02,9,772692548,161,173
731,262120,Blocked,492,2028-12-01,6,367777306,563,317
732,504234,Expired,129,2026-08-31,1,702897152,871,675
733,153598,Expired,146,2026-12-25,8,969550934,736,712
734,973860,Cancelled,887,2026-04-01,9,347549188,344,883
735,735003,Active,624,2025-02-06,6,851152019,863,457
736,186569,Blocked,731,2025-09-20,1,862663147,95,452
737,798514,Blocked,145,2027-02-12,2,423699713,664,479
738,393073,Active,649,2025-02-19,3,604955515,750,383
739,740857,Cancelled,146,2025-10-02,2,359540988,202,382
740,889577,Blocked,288,2030-02-08,7,953728265,26,996
741,435503,Cancelled,586,2030-02-10,2,860584803,715,723
742,596681,Active,900,2027-12-17,5,963192115,702,787
743,369749,Cancelled,518,2026-10-08,2,473256901,166,307
744,525273,Expired,533,2025-09-08,6,502344533,361,360
745,515093,Active,647,2029-09-09,5,191885010,308,239
746,866277,Blocked,938,2030-03-30,9,656984045,364,450
747,394593,Cancelled,837,2027-12-30,5,974635936,617,927
748,990273,Blocked,532,2029-12-29,10,452484374,519,87
749,330333,Blocked,629,2029-12-02,3,551170494,80,958
750,450482,Blocked,267,2029-05-27,3,307710731,461,407
751,660806,Expired,233,2024-07-08,8,542387313,975,761
752,225638,Cancelled,639,2025-12-26,10,461647506,841,32
753,428651,Cancelled,168,2029-04-08,2,870007740,115,321
754,255997,Active,896,2028-07-21,2,198715457,141,311
755,716327,Active,218,2025-11-12,1,819063865,318,194
756,623170,Cancelled,702,2024-09-26,2,450731589,811,479
757,805995,Active,155,2028-11-30,4,421465136,220,225
758,304582,Blocked,521,2027-06-06,3,411135230,755,627
759,545986,Active,462,2025-08-01,10,480725190,693,655
760,819017,Expired,926,2028-10-28,5,991713775,571,650
761,159609,Cancelled,164,2029-08-28,1,661345181,512,750
762,554049,Expired,353,2030-03-01,10,731250949,822,334
763,197063,Active,803,2025-08-25,10,555127414,183,804
764,566036,Blocked,200,2026-01-07,9,883353700,321,585
765,150196,Expired,168,2028-12-08,3,358577405,826,482
766,412915,Blocked,558,2029-01-22,5,220459300,444,875
767,654541,Blocked,826,2028-07-21,4,618741745,527,398
768,727041,Cancelled,832,2027-11-20,7,242598188,191,969
769,161954,Active,790,2024-05-25,2,245114408,19,813
770,371564,Active,885,2029-06-29,6,377690080,940,718
771,596960,Blocked,145,2027-06-12,6,396758414,108,92
772,779933,Cancelled,649,2030-01-19,4,110311516,943,918
773,998746,Active,682,2026-05-12,1,659776490,636,431
774,101513,Blocked,630,2028-07-31,6,218371406,262,752
775,447367,Expired,739,2025-05-27,8,747436711,451,434
776,131259,Cancelled,260,2030-01-04,10,489937718,901,952
777,162552,Active,321,2025-06-13,1,405303642,984,484
778,708572,Active,411,2029-03-26,9,790089264,462,918
779,962202,Cancelled,116,2024-11-03,4,542543743,205,160
780,948128,Active,591,2024-08-23,6,469777353,497,947
781,599827,Expired,641,2029-07-15,5,764857475,142,527
782,237033,Cancelled,119,2027-07-19,10,760037753,728,806
783,992075,Active,886,2025-08-26,2,186816854,64,729
784,811716,Active,855,2026-06-20,8,450717777,904,577
785,883223,Active,425,2027-03-06,7,195438357,817,110
786,375092,Blocked,438,2028-06-17,3,945292178,574,9
787,774747,Cancelled,911,2028-05-11,10,665991660,142,396
788,167315,Active,206,2028-01-12,4,206830496,412,624
789,229148,Expired,856,2028-10-11,4,904901879,131,8
790,811422,Active,520,2025-09-23,5,331061686,795,273
791,299527,Blocked,205,2030-01-12,9,743599187,583,526
792,759666,Cancelled,649,2026-01-25,10,548411559,375,111
793,583069,Blocked,500,2030-04-25,1,800504046,445,222
794,270535,Cancelled,759,2030-04-19,5,559853284,652,338
795,822213,Expired,764,2030-02-03,9,657190444,359,868
796,549860,Cancelled,819,2028-02-26,8,742830734,562,862
797,970698,Expired,825,2028-05-20,5,769485520,543,450
798,118005,Active,419,2026-11-25,1,711085282,683,474
799,505229,Blocked,761,2028-09-24,5,400323240,123,593
800,622574,Expired,719,2024-06-08,9,767780766,916,264
801,512673,Blocked,285,2025-02-27,1,464929821,132,230
802,832361,Active,302,2026-09-04,7,148453461,700,221
803,408993,Active,100,2025-12-25,7,756080170,529,228
804,845603,Cancelled,974,2029-03-12,10,187217193,723,146
805,558950,Active,542,2029-07-29,9,255708053,702,170
806,530512,Blocked,698,2026-11-09,5,267241018,116,430
807,186865,Expired,233,2025-02-18,7,875065847,827,510
808,849095,Active,843,2028-07-02,6,210063853,899,779
809,873139,Active,326,2028-11-29,1,737916339,642,207
810,137078,Expired,389,2026-12-30,2,220833337,17,583
811,538887,Cancelled,148,2028-09-26,4,260283953,283,915
812,274430,Blocked,271,2029-09-12,5,988145119,913,549
813,547163,Blocked,349,2030-03-21,9,249196203,760,683
814,883421,Active,328,2025-07-24,3,940492682,953,521
815,238639,Cancelled,987,2025-05-03,7,167809063,467,303
816,542827,Active,112,2029-10-21,5,777758566,466,485
817,769574,Expired,545,2028-03-12,7,411658492,370,485
818,388008,Cancelled,260,2028-06-08,4,460156256,623,125
819,578572,Blocked,866,2025-02-10,4,618084026,735,54
820,915220,Active,744,2028-03-21,4,736102129,701,364
821,922829,Cancelled,604,2027-06-07,7,240123611,820,244
822,358322,Expired,206,2027-09-20,8,971605907,121,878
823,264857,Blocked,312,2029-10-07,3,490521768,139,253
824,324897,Cancelled,977,2026-10-04,10,585996330,236,384
825,619951,Cancelled,935,2024-10-02,5,352665789,599,776
826,306751,Blocked,472,2029-05-19,6,760529083,955,721
827,934582,Active,842,2027-09-13,6,205010648,961,567
828,460492,Blocked,775,2028-08-02,8,499445107,110,25
829,352576,Expired,777,2029-11-08,4,741254915,600,293
830,552860,Cancelled,388,2029-09-29,3,625529300,816,628
831,258383,Expired,607,2025-11-15,5,792997582,182,346
832,313290,Blocked,957,2029-09-17,4,582596496,505,504
833,786790,Cancelled,215,2029-09-19,2,728242781,537,55
834,161237,Blocked,240,2026-03-11,1,997187280,116,107
835,754618,Blocked,212,2027-03-13,4,296423102,952,490
836,727414,Expired,508,2029-04-15,4,722021646,930,878
837,212999,Active,345,2025-11-02,10,623880001,248,402
838,872307,Blocked,611,2025-10-18,2,376632409,628,70
839,642643,Cancelled,619,2029-01-28,3,822852675,961,569
840,623711,Blocked,498,2026-10-09,2,928054091,965,119
841,406406,Active,560,2025-01-09,9,423814184,572,735
842,117866,Blocked,555,2024-12-03,7,440819525,90,911
843,649950,Expired,964,2029-10-21,4,291265061,750,822
844,451615,Blocked,912,2027-03-17,9,591317539,191,276
845,682978,Blocked,726,2027-08-29,10,397351290,825,45
846,635072,Active,682,2025-11-21,3,882222601,998,949
847,838348,Expired,622,2025-04-19,5,673501542,334,315
848,293268,Active,966,2028-05-25,9,842450981,493,147
849,234999,Expired,146,2026-09-08,8,370861304,105,267
850,437582,Expired,723,2025-06-29,5,748407104,472,512
851,863431,Blocked,584,2026-02-12,4,107784747,55,602
852,236470,Expired,202,2029-02-06,4,994566420,304,413
853,593042,Expired,703,2029-09-11,5,805548666,466,536
854,593968,Cancelled,756,2026-04-04,6,792261429,371,861
855,499595,Cancelled,798,2024-12-25,9,505852196,384,885
856,571731,Cancelled,411,2024-10-15,5,502609902,475,557
857,983281,Cancelled,979,2028-10-10,5,808867186,326,654
858,405836,Blocked,455,2027-12-31,7,313447282,985,200
859,489082,Blocked,881,2029-11-30,5,126016645,981,238
860,637078,Expired,151,2026-02-28,9,675508686,775,417
861,932428,Blocked,354,2030-04-24,6,226328385,314,41
862,811797,Blocked,396,2024-06-27,5,744649550,438,30
863,899940,Expired,634,2025-01-04,9,334821908,108,721
864,568085,Expired,932,2029-05-09,7,621371285,844,67
865,698152,Active,949,2025-01-27,8,141267749,769,532
866,526557,Expired,859,2025-03-23,3,322629480,732,929
867,275955,Cancelled,467,2024-11-21,10,641932439,693,809
868,869341,Expired,766,2028-12-02,1,792935928,823,406
869,524222,Active,999,2030-03-19,1,426430135,397,519
870,779098,Active,992,2029-07-13,10,723552858,360,441
871,256716,Blocked,678,2027-05-30,8,395730379,560,845
872,791651,Expired,187,2026-05-08,3,689371862,135,709
873,271959,Cancelled,628,2025-06-22,7,639015033,252,593
874,496895,Active,980,2024-06-04,8,824730591,902,430
875,171678,Expired,888,2025-03-30,3,384319088,830,45
876,215388,Cancelled,969,2029-01-24,3,122375626,450,795
877,833687,Cancelled,606,2026-04-26,2,501893684,720,812
878,673080,Active,552,2028-04-25,4,657694485,504,414
879,680336,Expired,556,2029-01-26,7,931013424,303,687
880,355323,Cancelled,799,2029-09-13,5,782674928,700,884
881,431788,Blocked,737,2027-09-02,1,220828314,419,66
882,691201,Active,994,2026-03-31,7,238272513,879,676
883,805541,Active,221,2027-07-28,6,862556940,917,106
884,212446,Active,596,2029-05-12,1,419645097,537,71
885,268323,Cancelled,389,2026-11-27,5,804423520,349,492
886,122845,Blocked,142,2025-10-01,2,880829287,198,487
887,692105,Expired,732,2027-03-22,10,471220407,771,720
888,334519,Cancelled,720,2030-03-24,2,912019880,763,424
889,666555,Active,791,2026-01-07,6,912745524,851,472
890,380313,Active,567,2029-08-12,10,909798892,304,50
891,977321,Cancelled,634,2024-08-01,5,294229759,198,593
892,561190,Active,644,2027-06-22,1,432219876,245,935
893,123820,Active,981,2026-07-25,1,938059204,905,738
894,521050,Blocked,140,2024-05-21,7,175352284,208,705
895,290872,Blocked,290,2028-07-23,1,361600935,784,63
896,851810,Expired,984,2028-03-28,3,879191596,822,329
897,604495,Active,122,2025-08-23,5,732202426,192,216
898,763193,Active,449,2027-10-22,8,412567947,519,101
899,505197,Blocked,481,2029-07-12,7,420429398,492,264
900,848052,Active,987,2025-05-29,1,553724335,732,50
901,879649,Blocked,186,2027-10-13,4,432804024,163,347
902,563892,Cancelled,918,2028-03-02,10,615266344,419,968
903,201007,Active,918,2026-03-19,8,497509491,238,845
904,947083,Blocked,427,2028-01-10,4,496030107,598,736
905,188478,Cancelled,969,2025-04-05,9,130644117,802,830
906,700588,Active,435,2028-06-09,4,728002905,797,906
907,272271,Blocked,335,2027-09-27,3,800909650,732,502
908,708350,Expired,380,2027-04-06,2,717180424,1,762
909,507592,Cancelled,594,2028-11-27,10,601374834,242,869
910,534353,Active,899,2026-12-14,8,179224713,729,308
911,301525,Active,391,2024-11-13,6,137745851,733,642
912,332732,Blocked,269,2026-04-13,4,401681825,490,443
913,532845,Expired,146,2027-12-29,10,849959080,542,72
914,412315,Blocked,984,2027-05-09,2,125401430,539,821
915,236183,Cancelled,405,2027-02-18,6,680084785,159,481
916,871651,Blocked,593,2024-07-31,2,398410523,349,676
917,454793,Active,168,2029-12-27,7,183241062,864,170
918,102908,Blocked,681,2025-08-06,2,843929856,544,671
919,662055,Expired,278,2030-03-11,10,660830389,665,96
920,553121,Active,541,2025-11-10,1,639688546,689,208
921,370541,Blocked,826,2029-05-12,4,441557939,639,143
922,784735,Blocked,637,2027-07-10,6,338922638,147,300
923,700543,Active,630,2029-11-14,1,519672284,679,304
924,413012,Blocked,149,2030-03-21,1,118127313,902,21
925,514459,Active,904,2030-04-27,1,567793580,10,303
926,289200,Cancelled,885,2025-01-13,10,738275778,833,693
927,428289,Blocked,115,2026-06-06,10,543626137,720,365
928,294065,Expired,275,2028-05-10,2,351258240,201,513
929,139632,Cancelled,407,2026-02-24,9,416479896,819,829
930,794853,Cancelled,481,2028-05-15,10,189948590,1,932
931,598581,Cancelled,562,2028-07-27,5,229136161,989,821
932,374107,Blocked,997,2026-09-20,3,795169466,293,688
933,233863,Cancelled,347,2026-10-18,9,627231826,942,878
934,754107,Blocked,900,2027-08-23,7,481207925,356,678
935,416568,Active,613,2025-01-09,5,366694844,564,325
936,199399,Expired,831,2025-04-26,8,674839579,809,684
937,457675,Cancelled,228,2029-10-04,1,974140794,940,157
938,472230,Cancelled,895,2027-05-29,5,113179921,685,593
939,159678,Expired,249,2029-08-30,8,907564576,643,125
940,521386,Blocked,452,2025-09-15,1,693479006,572,488
941,405758,Cancelled,391,2028-03-04,8,924840730,874,405
942,335452,Expired,872,2025-08-26,3,623997776,82,145
943,115304,Expired,182,2026-04-20,6,262740396,603,415
944,902062,Active,213,2026-07-24,5,759718800,383,936
945,120224,Active,519,2028-01-02,9,508704976,969,616
946,568232,Blocked,756,2029-10-03,1,489328373,109,910
947,138433,Active,822,2027-06-06,3,330049994,659,321
948,242797,Active,224,2026-02-19,6,969952767,499,463
949,531582,Active,434,2027-11-17,4,237357193,817,705
950,770367,Active,919,2026-03-01,4,340373533,648,169
951,460110,Blocked,658,2026-05-15,5,919283964,610,740
952,769232,Active,579,2025-12-10,7,818117561,137,109
953,133678,Expired,182,2030-01-25,7,486309990,159,776
954,888593,Cancelled,951,2029-06-20,9,913677174,818,21
955,428211,Expired,193,2028-03-26,8,725912197,512,431
956,877689,Cancelled,684,2026-07-30,3,740110712,888,7
957,875617,Cancelled,332,2028-12-07,7,951020537,22,459
958,351696,Cancelled,544,2026-06-09,5,760499134,532,748
959,607673,Blocked,970,2028-11-09,4,614112855,520,7
960,698115,Blocked,831,2028-07-23,2,194304512,551,625
961,711755,Cancelled,862,2024-08-27,7,208530604,84,925
962,926385,Active,272,2028-04-18,1,747484463,827,883
963,509502,Blocked,746,2027-12-07,2,850855535,414,879
964,454694,Blocked,454,2024-12-23,4,874695997,119,147
965,686637,Cancelled,555,2027-09-09,6,333222911,885,372
966,394951,Cancelled,489,2029-05-14,9,480476101,110,221
967,859695,Cancelled,380,2024-09-03,4,415049721,943,395
968,981920,Active,174,2025-06-02,2,769394439,459,950
969,959030,Cancelled,862,2025-03-19,6,127616830,166,881
970,704287,Expired,346,2026-09-22,5,520733125,262,352
971,958901,Expired,942,2029-09-23,6,135840065,593,287
972,523595,Blocked,930,2029-12-12,8,891377057,221,830
973,396621,Blocked,671,2027-07-06,4,682329409,847,673
974,418777,Cancelled,834,2029-03-02,3,334922182,570,86
975,689803,Expired,690,2030-04-10,9,312220660,881,43
976,590916,Active,989,2029-03-14,1,258122547,27,531
977,684267,Active,100,2029-11-18,8,137746945,735,383
978,995915,Expired,413,2028-08-28,10,934253332,586,882
979,946878,Expired,715,2030-02-10,6,659775792,828,99
980,961886,Expired,392,2025-08-07,5,325423024,431,695
981,577464,Active,809,2028-10-13,9,961975308,65,141
982,987772,Expired,441,2024-12-19,4,170614089,559,63
983,161324,Blocked,992,2025-03-27,6,236246312,219,43
984,587264,Cancelled,870,2029-05-11,1,876202402,84,239
985,869906,Active,696,2029-05-15,4,749461406,637,975
986,875153,Active,894,2026-12-30,4,233895898,982,406
987,299505,Expired,443,2025-11-01,10,955479485,200,283
988,405011,Expired,860,2030-04-30,3,431437195,536,957
989,616056,Expired,942,2024-07-08,5,665219516,334,231
990,902494,Blocked,288,2029-12-12,8,787430580,973,934
991,455885,Cancelled,161,2026-01-04,6,950695245,545,523
992,422124,Expired,655,2028-08-20,8,658829977,212,788
993,812618,Cancelled,816,2028-04-10,8,721634154,225,310
994,214647,Blocked,601,2027-08-30,3,535152151,837,624
995,538346,Expired,756,2029-03-14,5,160802310,795,789
996,497744,Expired,119,2026-12-14,4,590699306,696,966
997,784385,Blocked,277,2026-08-01,4,706582644,672,535
998,481927,Active,738,2030-01-10,9,386922582,560,94
999,772565,Blocked,615,2030-01-20,8,135838278,166,855
1000,361364,Blocked,333,2024-06-14,4,873678770,571,168
